id,title,url
Drake-Hotline-Bling,Drake Hotline Bling,http://imgflip.com/meme/Drake-Hotline-Bling
Distracted-Boyfriend,Distracted Boyfriend,http://imgflip.com/meme/Distracted-Boyfriend
Two-Buttons,Two Buttons,http://imgflip.com/meme/Two-Buttons
Left-Exit-12-Off-Ramp,Left Exit 12 Off Ramp,http://imgflip.com/meme/Left-Exit-12-Off-Ramp
Change-My-Mind,Change My Mind,http://imgflip.com/meme/Change-My-Mind
Batman-Slapping-Robin,Batman Slapping Robin,http://imgflip.com/meme/Batman-Slapping-Robin
UNO-Draw-25-Cards,UNO Draw 25 Cards,http://imgflip.com/meme/UNO-Draw-25-Cards
Running-Away-Balloon,Running Away Balloon,http://imgflip.com/meme/Running-Away-Balloon
One-Does-Not-Simply,One Does Not Simply,http://imgflip.com/meme/One-Does-Not-Simply
Expanding-Brain,Expanding Brain,http://imgflip.com/meme/Expanding-Brain
Waiting-Skeleton,Waiting Skeleton,http://imgflip.com/meme/Waiting-Skeleton
Mocking-Spongebob,Mocking Spongebob,http://imgflip.com/meme/Mocking-Spongebob
Boardroom-Meeting-Suggestion,Boardroom Meeting Suggestion,http://imgflip.com/meme/Boardroom-Meeting-Suggestion
Disaster-Girl,Disaster Girl,http://imgflip.com/meme/Disaster-Girl
Woman-Yelling-At-Cat,Woman Yelling At Cat,http://imgflip.com/meme/Woman-Yelling-At-Cat
X-X-Everywhere,"X, X Everywhere",http://imgflip.com/meme/X-X-Everywhere
Ancient-Aliens,Ancient Aliens,http://imgflip.com/meme/Ancient-Aliens
Buff-Doge-vs-Cheems,Buff Doge vs. Cheems,http://imgflip.com/meme/Buff-Doge-vs-Cheems
Grus-Plan,Gru's Plan,http://imgflip.com/meme/Grus-Plan
Roll-Safe-Think-About-It,Roll Safe Think About It,http://imgflip.com/meme/Roll-Safe-Think-About-It
Blank-Nut-Button,Blank Nut Button,http://imgflip.com/meme/Blank-Nut-Button
Futurama-Fry,Futurama Fry,http://imgflip.com/meme/Futurama-Fry
Bernie-I-Am-Once-Again-Asking-For-Your-Support,Bernie I Am Once Again Asking For Your Support,http://imgflip.com/meme/Bernie-I-Am-Once-Again-Asking-For-Your-Support
Tuxedo-Winnie-The-Pooh,Tuxedo Winnie The Pooh,http://imgflip.com/meme/Tuxedo-Winnie-The-Pooh
Surprised-Pikachu,Surprised Pikachu,http://imgflip.com/meme/Surprised-Pikachu
Inhaling-Seagull,Inhaling Seagull,http://imgflip.com/meme/Inhaling-Seagull
Leonardo-Dicaprio-Cheers,Leonardo Dicaprio Cheers,http://imgflip.com/meme/Leonardo-Dicaprio-Cheers
Epic-Handshake,Epic Handshake,http://imgflip.com/meme/Epic-Handshake
Hide-the-Pain-Harold,Hide the Pain Harold,http://imgflip.com/meme/Hide-the-Pain-Harold
The-Scroll-Of-Truth,The Scroll Of Truth,http://imgflip.com/meme/The-Scroll-Of-Truth
Sad-Pablo-Escobar,Sad Pablo Escobar,http://imgflip.com/meme/Sad-Pablo-Escobar
Is-This-A-Pigeon,Is This A Pigeon,http://imgflip.com/meme/Is-This-A-Pigeon
The-Rock-Driving,The Rock Driving,http://imgflip.com/meme/The-Rock-Driving
The-Most-Interesting-Man-In-The-World,The Most Interesting Man In The World,http://imgflip.com/meme/The-Most-Interesting-Man-In-The-World
Panik-Kalm-Panik,Panik Kalm Panik,http://imgflip.com/meme/Panik-Kalm-Panik
Monkey-Puppet,Monkey Puppet,http://imgflip.com/meme/Monkey-Puppet
Yall-Got-Any-More-Of-That,Y'all Got Any More Of That,http://imgflip.com/meme/Yall-Got-Any-More-Of-That
Oprah-You-Get-A,Oprah You Get A,http://imgflip.com/meme/Oprah-You-Get-A
Always-Has-Been,Always Has Been,http://imgflip.com/meme/Always-Has-Been
Marked-Safe-From,Marked Safe From,http://imgflip.com/meme/Marked-Safe-From
Doge,Doge,http://imgflip.com/meme/Doge
Bad-Luck-Brian,Bad Luck Brian,http://imgflip.com/meme/Bad-Luck-Brian
Third-World-Skeptical-Kid,Third World Skeptical Kid,http://imgflip.com/meme/Third-World-Skeptical-Kid
American-Chopper-Argument,American Chopper Argument,http://imgflip.com/meme/American-Chopper-Argument
First-World-Problems,First World Problems,http://imgflip.com/meme/First-World-Problems
Trump-Bill-Signing,Trump Bill Signing,http://imgflip.com/meme/Trump-Bill-Signing
Theyre-The-Same-Picture,They're The Same Picture,http://imgflip.com/meme/Theyre-The-Same-Picture
I-Bet-Hes-Thinking-About-Other-Women,I Bet He's Thinking About Other Women,http://imgflip.com/meme/I-Bet-Hes-Thinking-About-Other-Women
Grandma-Finds-The-Internet,Grandma Finds The Internet,http://imgflip.com/meme/Grandma-Finds-The-Internet
Finding-Neverland,Finding Neverland,http://imgflip.com/meme/Finding-Neverland
Unsettled-Tom,Unsettled Tom,http://imgflip.com/meme/Unsettled-Tom
Evil-Kermit,Evil Kermit,http://imgflip.com/meme/Evil-Kermit
Y-U-No,Y U No,http://imgflip.com/meme/Y-U-No
This-Is-Where-Id-Put-My-Trophy-If-I-Had-One,This Is Where I'd Put My Trophy If I Had One,http://imgflip.com/meme/This-Is-Where-Id-Put-My-Trophy-If-I-Had-One
Success-Kid,Success Kid,http://imgflip.com/meme/Success-Kid
This-Is-Fine,This Is Fine,http://imgflip.com/meme/This-Is-Fine
That-Would-Be-Great,That Would Be Great,http://imgflip.com/meme/That-Would-Be-Great
Star-Wars-Yoda,Star Wars Yoda,http://imgflip.com/meme/Star-Wars-Yoda
Brace-Yourselves-X-is-Coming,Brace Yourselves X is Coming,http://imgflip.com/meme/Brace-Yourselves-X-is-Coming
Who-Killed-Hannibal,Who Killed Hannibal,http://imgflip.com/meme/Who-Killed-Hannibal
Spongebob-Ight-Imma-Head-Out,Spongebob Ight Imma Head Out,http://imgflip.com/meme/Spongebob-Ight-Imma-Head-Out
Grumpy-Cat,Grumpy Cat,http://imgflip.com/meme/Grumpy-Cat
Bike-Fall,Bike Fall,http://imgflip.com/meme/Bike-Fall
Creepy-Condescending-Wonka,Creepy Condescending Wonka,http://imgflip.com/meme/Creepy-Condescending-Wonka
But-Thats-None-Of-My-Business,But That's None Of My Business,http://imgflip.com/meme/But-Thats-None-Of-My-Business
Dont-You-Squidward,Don't You Squidward,http://imgflip.com/meme/Dont-You-Squidward
X-All-The-Y,X All The Y,http://imgflip.com/meme/X-All-The-Y
Anakin-Padme-4-Panel,Anakin Padme 4 Panel,http://imgflip.com/meme/322841258/Anakin-Padme-4-Panel
Clown-Applying-Makeup,Clown Applying Makeup,http://imgflip.com/meme/Clown-Applying-Makeup
Captain-Picard-Facepalm,Captain Picard Facepalm,http://imgflip.com/meme/Captain-Picard-Facepalm
Trade-Offer,Trade Offer,http://imgflip.com/meme/309868304/Trade-Offer
Third-World-Success-Kid,Third World Success Kid,http://imgflip.com/meme/Third-World-Success-Kid
Evil-Toddler,Evil Toddler,http://imgflip.com/meme/Evil-Toddler
Sleeping-Shaq,Sleeping Shaq,http://imgflip.com/meme/Sleeping-Shaq
Matrix-Morpheus,Matrix Morpheus,http://imgflip.com/meme/Matrix-Morpheus
Philosoraptor,Philosoraptor,http://imgflip.com/meme/Philosoraptor
Laughing-Leo,Laughing Leo,http://imgflip.com/meme/Laughing-Leo
Black-Girl-Wat,Black Girl Wat,http://imgflip.com/meme/Black-Girl-Wat
Hard-To-Swallow-Pills,Hard To Swallow Pills,http://imgflip.com/meme/Hard-To-Swallow-Pills
Blank-White-Template,Blank White Template,http://imgflip.com/meme/18799628/Blank-White-Template
Picard-Wtf,Picard Wtf,http://imgflip.com/meme/Picard-Wtf
Laughing-Men-In-Suits,Laughing Men In Suits,http://imgflip.com/meme/Laughing-Men-In-Suits
Megamind-peeking,Megamind peeking,http://imgflip.com/meme/370867422/Megamind-peeking
Who-Would-Win,Who Would Win?,http://imgflip.com/meme/Who-Would-Win
10-Guy,10 Guy,http://imgflip.com/meme/10-Guy
Too-Damn-High,Too Damn High,http://imgflip.com/meme/Too-Damn-High
Yo-Dawg-Heard-You,Yo Dawg Heard You,http://imgflip.com/meme/Yo-Dawg-Heard-You
Dr-Evil-Laser,Dr Evil Laser,http://imgflip.com/meme/Dr-Evil-Laser
Ill-Just-Wait-Here,I'll Just Wait Here,http://imgflip.com/meme/Ill-Just-Wait-Here
Am-I-The-Only-One-Around-Here,Am I The Only One Around Here,http://imgflip.com/meme/Am-I-The-Only-One-Around-Here
Flex-Tape,Flex Tape,http://imgflip.com/meme/166969924/Flex-Tape
Face-You-Make-Robert-Downey-Jr,Face You Make Robert Downey Jr,http://imgflip.com/meme/Face-You-Make-Robert-Downey-Jr
Put-It-Somewhere-Else-Patrick,Put It Somewhere Else Patrick,http://imgflip.com/meme/Put-It-Somewhere-Else-Patrick
Disappointed-Black-Guy,Disappointed Black Guy,http://imgflip.com/meme/50421420/Disappointed-Black-Guy
Imagination-Spongebob,Imagination Spongebob,http://imgflip.com/meme/Imagination-Spongebob
Be-Like-Bill,Be Like Bill,http://imgflip.com/meme/Be-Like-Bill
Look-At-Me,Look At Me,http://imgflip.com/meme/Look-At-Me
Drake-Blank,Drake Blank,http://imgflip.com/meme/91998305/Drake-Blank
Mother-Ignoring-Kid-Drowning-In-A-Pool,Mother Ignoring Kid Drowning In A Pool,http://imgflip.com/meme/252758727/Mother-Ignoring-Kid-Drowning-In-A-Pool
Types-of-Headaches-meme,Types of Headaches meme,http://imgflip.com/meme/119215120/Types-of-Headaches-meme
Bad-Pun-Dog,Bad Pun Dog,http://imgflip.com/meme/Bad-Pun-Dog
A-train-hitting-a-school-bus,A train hitting a school bus,http://imgflip.com/meme/247113703/A-train-hitting-a-school-bus
You-Guys-are-Getting-Paid,You Guys are Getting Paid,http://imgflip.com/meme/177682295/You-Guys-are-Getting-Paid
Jack-Sparrow-Being-Chased,Jack Sparrow Being Chased,http://imgflip.com/meme/Jack-Sparrow-Being-Chased
Mugatu-So-Hot-Right-Now,Mugatu So Hot Right Now,http://imgflip.com/meme/Mugatu-So-Hot-Right-Now
where-monkey,where monkey,http://imgflip.com/meme/316466202/where-monkey
spiderman-pointing-at-spiderman,spiderman pointing at spiderman,http://imgflip.com/meme/110133729/spiderman-pointing-at-spiderman
I-Should-Buy-A-Boat-Cat,I Should Buy A Boat Cat,http://imgflip.com/meme/I-Should-Buy-A-Boat-Cat
Sparta-Leonidas,Sparta Leonidas,http://imgflip.com/meme/Sparta-Leonidas
Whisper-and-Goosebumps,Whisper and Goosebumps,http://imgflip.com/meme/101956210/Whisper-and-Goosebumps
See-Nobody-Cares,See Nobody Cares,http://imgflip.com/meme/See-Nobody-Cares
Squidward-window,Squidward window,http://imgflip.com/meme/67452763/Squidward-window
Bernie-Sanders-Once-Again-Asking,Bernie Sanders Once Again Asking,http://imgflip.com/meme/224015000/Bernie-Sanders-Once-Again-Asking
Grant-Gustin-over-grave,Grant Gustin over grave,http://imgflip.com/meme/221578498/Grant-Gustin-over-grave
Maury-Lie-Detector,Maury Lie Detector,http://imgflip.com/meme/Maury-Lie-Detector
Aaaaand-Its-Gone,Aaaaand Its Gone,http://imgflip.com/meme/Aaaaand-Its-Gone
All-My-Homies-Hate,All My Homies Hate,http://imgflip.com/meme/216523697/All-My-Homies-Hate
Confession-Bear,Confession Bear,http://imgflip.com/meme/Confession-Bear
Is-This-a-Pigeon,Is This a Pigeon,http://imgflip.com/meme/62126969/Is-This-a-Pigeon
Anime-Girl-Hiding-from-Terminator,Anime Girl Hiding from Terminator,http://imgflip.com/meme/224514655/Anime-Girl-Hiding-from-Terminator
Back-In-My-Day,Back In My Day,http://imgflip.com/meme/Back-In-My-Day
Uncle-Sam,Uncle Sam,http://imgflip.com/meme/Uncle-Sam
Shut-Up-And-Take-My-Money-Fry,Shut Up And Take My Money Fry,http://imgflip.com/meme/Shut-Up-And-Take-My-Money-Fry
Say-That-Again-I-Dare-You,Say That Again I Dare You,http://imgflip.com/meme/Say-That-Again-I-Dare-You
Bugs-bunny-communist,Bugs bunny communist,http://imgflip.com/meme/249257686/Bugs-bunny-communist
They-dont-know,They don't know,http://imgflip.com/meme/284929871/They-dont-know
Pawn-Stars-Best-I-Can-Do,Pawn Stars Best I Can Do,http://imgflip.com/meme/77045868/Pawn-Stars-Best-I-Can-Do
Scared-Cat,Scared Cat,http://imgflip.com/meme/Scared-Cat
Conspiracy-Keanu,Conspiracy Keanu,http://imgflip.com/meme/Conspiracy-Keanu
Three-headed-Dragon,Three-headed Dragon,http://imgflip.com/meme/187102311/Three-headed-Dragon
Awkward-Moment-Sealion,Awkward Moment Sealion,http://imgflip.com/meme/Awkward-Moment-Sealion
Simba-Shadowy-Place,Simba Shadowy Place,http://imgflip.com/meme/Simba-Shadowy-Place
And-everybody-loses-their-minds,And everybody loses their minds,http://imgflip.com/meme/And-everybody-loses-their-minds
Marvel-Civil-War-1,Marvel Civil War 1,http://imgflip.com/meme/Marvel-Civil-War-1
Squidward,Squidward,http://imgflip.com/meme/Squidward
Pepperidge-Farm-Remembers,Pepperidge Farm Remembers,http://imgflip.com/meme/Pepperidge-Farm-Remembers
What-Gives-People-Feelings-of-Power,What Gives People Feelings of Power,http://imgflip.com/meme/177984372/What-Gives-People-Feelings-of-Power
Soldier-protecting-sleeping-child,Soldier protecting sleeping child,http://imgflip.com/meme/171305372/Soldier-protecting-sleeping-child
Buddy-Christ,Buddy Christ,http://imgflip.com/meme/Buddy-Christ
Good-Fellas-Hilarious,Good Fellas Hilarious,http://imgflip.com/meme/Good-Fellas-Hilarious
Aint-Nobody-Got-Time-For-That,Ain't Nobody Got Time For That,http://imgflip.com/meme/Aint-Nobody-Got-Time-For-That
AJ-Styles--Undertaker,AJ Styles & Undertaker,http://imgflip.com/meme/234202281/AJ-Styles--Undertaker
Cute-Cat,Cute Cat,http://imgflip.com/meme/Cute-Cat
Disappearing-kid-gif,Disappearing kid gif,http://imgflip.com/meme/222516354/Disappearing-kid-gif
Gus-Fring-we-are-not-the-same,Gus Fring we are not the same,http://imgflip.com/meme/342785297/Gus-Fring-we-are-not-the-same
Spongebob-Burning-Paper,Spongebob Burning Paper,http://imgflip.com/meme/139971723/Spongebob-Burning-Paper
woman-yelling-at-cat,woman yelling at cat,http://imgflip.com/meme/187112276/woman-yelling-at-cat
Im-The-Captain-Now,I'm The Captain Now,http://imgflip.com/meme/Im-The-Captain-Now
Domino-Effect,Domino Effect,http://imgflip.com/meme/162372564/Domino-Effect
Brain-Before-Sleep,Brain Before Sleep,http://imgflip.com/meme/189601074/Brain-Before-Sleep
Skeptical-Baby,Skeptical Baby,http://imgflip.com/meme/Skeptical-Baby
Afraid-To-Ask-Andy,Afraid To Ask Andy,http://imgflip.com/meme/Afraid-To-Ask-Andy
Charlie-Conspiracy-Always-Sunny-in-Philidelphia,Charlie Conspiracy (Always Sunny in Philidelphia),http://imgflip.com/meme/92084495/Charlie-Conspiracy-Always-Sunny-in-Philidelphia
Math-ladyConfused-lady,Math lady/Confused lady,http://imgflip.com/meme/80996545/Math-ladyConfused-lady
cmon-do-something,c'mon do something,http://imgflip.com/meme/20007896/cmon-do-something
Friendship-ended,Friendship ended,http://imgflip.com/meme/137501417/Friendship-ended
Me-And-The-Boys,Me And The Boys,http://imgflip.com/meme/Me-And-The-Boys
Surprised-Koala,Surprised Koala,http://imgflip.com/meme/Surprised-Koala
elmo-cocaine,elmo cocaine,http://imgflip.com/meme/140667789/elmo-cocaine
Both-Buttons-Pressed,Both Buttons Pressed,http://imgflip.com/meme/286646496/Both-Buttons-Pressed
Archer,Archer,http://imgflip.com/meme/Archer
Soyboy-Vs-Yes-Chad,Soyboy Vs Yes Chad,http://imgflip.com/meme/232844223/Soyboy-Vs-Yes-Chad
Spider-Man-Triple,Spider Man Triple,http://imgflip.com/meme/206151308/Spider-Man-Triple
is-this-butterfly,is this butterfly,http://imgflip.com/meme/142009471/is-this-butterfly
Teachers-Copy,Teacher's Copy,http://imgflip.com/meme/318009221/Teachers-Copy
Car-Salesman-Slaps-Roof-Of-Car,Car Salesman Slaps Roof Of Car,http://imgflip.com/meme/Car-Salesman-Slaps-Roof-Of-Car
Scumbag-Steve,Scumbag Steve,http://imgflip.com/meme/Scumbag-Steve
Star-Wars-No,Star Wars No,http://imgflip.com/meme/Star-Wars-No
Say-it-Again-Dexter,"Say it Again, Dexter",http://imgflip.com/meme/Say-it-Again-Dexter
Socially-Awesome-Awkward-Penguin,Socially Awesome Awkward Penguin,http://imgflip.com/meme/Socially-Awesome-Awkward-Penguin
Blank-Transparent-Square,Blank Transparent Square,http://imgflip.com/meme/Blank-Transparent-Square
Oh-yeah-Oh-no,Oh yeah! Oh no...,http://imgflip.com/meme/184152522/Oh-yeah-Oh-no
Jackie-Chan-WTF,Jackie Chan WTF,http://imgflip.com/meme/Jackie-Chan-WTF
No---Yes,No - Yes,http://imgflip.com/meme/129315248/No---Yes
Bell-Curve,Bell Curve,http://imgflip.com/meme/533936279/Bell-Curve
say-the-line-bart-simpsons,say the line bart! simpsons,http://imgflip.com/meme/72525473/say-the-line-bart-simpsons
0-days-without-Lenny-Simpsons,"0 days without (Lenny, Simpsons)",http://imgflip.com/meme/427308417/0-days-without-Lenny-Simpsons
Mr-McMahon-reaction,Mr. McMahon reaction,http://imgflip.com/meme/127634487/Mr-McMahon-reaction
Scooby-doo-mask-reveal,Scooby doo mask reveal,http://imgflip.com/meme/145139900/Scooby-doo-mask-reveal
Empty-Stonks,Empty Stonks,http://imgflip.com/meme/193286698/Empty-Stonks
the-office-congratulations,the office congratulations,http://imgflip.com/meme/153695877/the-office-congratulations
Megamind-no-bitches,Megamind no bitches,http://imgflip.com/meme/371619279/Megamind-no-bitches
Will-Smith-punching-Chris-Rock,Will Smith punching Chris Rock,http://imgflip.com/meme/380030185/Will-Smith-punching-Chris-Rock
And-Just-Like-That,And Just Like That,http://imgflip.com/meme/And-Just-Like-That
Happy-Star-Congratulations,Happy Star Congratulations,http://imgflip.com/meme/Happy-Star-Congratulations
obama-medal,obama medal,http://imgflip.com/meme/89853322/obama-medal
Keep-Calm-And-Carry-On-Red,Keep Calm And Carry On Red,http://imgflip.com/meme/Keep-Calm-And-Carry-On-Red
Confused-Gandalf,Confused Gandalf,http://imgflip.com/meme/Confused-Gandalf
Black-background,Black background,http://imgflip.com/meme/18630807/Black-background
Chill-guy,Chill guy,http://imgflip.com/meme/562391530/Chill-guy
Smudge-the-cat,Smudge the cat,http://imgflip.com/meme/197052476/Smudge-the-cat
Average-Fan-vs-Average-Enjoyer,Average Fan vs Average Enjoyer,http://imgflip.com/meme/316989420/Average-Fan-vs-Average-Enjoyer
Black-guy-hiding-behind-tree,Black guy hiding behind tree,http://imgflip.com/meme/195710097/Black-guy-hiding-behind-tree
talking-to-wall,talking to wall,http://imgflip.com/meme/304768047/talking-to-wall
Arthur-Fist,Arthur Fist,http://imgflip.com/meme/Arthur-Fist
Peter-Griffin-News,Peter Griffin News,http://imgflip.com/meme/Peter-Griffin-News
The-future-world-if,The future world if,http://imgflip.com/meme/179137533/The-future-world-if
kermit-window,kermit window,http://imgflip.com/meme/36698509/kermit-window
What-Do-We-Want,What Do We Want,http://imgflip.com/meme/What-Do-We-Want
Kombucha-Girl,Kombucha Girl,http://imgflip.com/meme/197671929/Kombucha-Girl
Inception,Inception,http://imgflip.com/meme/Inception
Spongegar,Spongegar,http://imgflip.com/meme/Spongegar
Skinner-Out-Of-Touch,Skinner Out Of Touch,http://imgflip.com/meme/93160967/Skinner-Out-Of-Touch
Liam-Neeson-Taken,Liam Neeson Taken,http://imgflip.com/meme/Liam-Neeson-Taken
Shrek-running,Shrek running,http://imgflip.com/meme/324040475/Shrek-running
Peter-Parker-Cry,Peter Parker Cry,http://imgflip.com/meme/Peter-Parker-Cry
Gollum,Gollum,http://imgflip.com/meme/Gollum
Moe-throws-Barney,Moe throws Barney,http://imgflip.com/meme/188789496/Moe-throws-Barney
Well-Yes-But-Actually-No,"Well Yes, But Actually No",http://imgflip.com/meme/Well-Yes-But-Actually-No
Grim-Reaper-Knocking-Door,Grim Reaper Knocking Door,http://imgflip.com/meme/104893621/Grim-Reaper-Knocking-Door
Satisfied-Seal,Satisfied Seal,http://imgflip.com/meme/Satisfied-Seal
whe-im-in-a-competition-and-my-opponent-is,whe i'm in a competition and my opponent is,http://imgflip.com/meme/360597639/whe-im-in-a-competition-and-my-opponent-is
Success-Kid-Original,Success Kid Original,http://imgflip.com/meme/Success-Kid-Original
Spider-Man-Double,Spider Man Double,http://imgflip.com/meme/103123450/Spider-Man-Double
Kevin-Hart,Kevin Hart,http://imgflip.com/meme/Kevin-Hart
Oprah-You-Get-A-Car-Everybody-Gets-A-Car,Oprah You Get A Car Everybody Gets A Car,http://imgflip.com/meme/Oprah-You-Get-A-Car-Everybody-Gets-A-Car
undertaker,undertaker,http://imgflip.com/meme/257745141/undertaker
Homer-disappears-into-bush,Homer disappears into bush,http://imgflip.com/meme/171219241/Homer-disappears-into-bush
Presidential-Alert,Presidential Alert,http://imgflip.com/meme/Presidential-Alert
Did-you-mean,Did you mean?,http://imgflip.com/meme/265415745/Did-you-mean
Leonardo-Dicaprio-Wolf-Of-Wall-Street,Leonardo Dicaprio Wolf Of Wall Street,http://imgflip.com/meme/Leonardo-Dicaprio-Wolf-Of-Wall-Street
Spiderman-Computer-Desk,Spiderman Computer Desk,http://imgflip.com/meme/Spiderman-Computer-Desk
Hold-fart,Hold fart,http://imgflip.com/meme/41022477/Hold-fart
Overly-Attached-Girlfriend,Overly Attached Girlfriend,http://imgflip.com/meme/Overly-Attached-Girlfriend
Giga-Chad,Giga Chad,http://imgflip.com/meme/190327839/Giga-Chad
You-know-Im-something-of-a-scientist-myself,"You know, I'm something of a scientist myself",http://imgflip.com/meme/133946291/You-know-Im-something-of-a-scientist-myself
Who-wants-to-be-a-millionaire,Who wants to be a millionaire?,http://imgflip.com/meme/165567092/Who-wants-to-be-a-millionaire
dave-chappelle,dave chappelle,http://imgflip.com/meme/33897585/dave-chappelle
Smiling-Cat,Smiling Cat,http://imgflip.com/meme/Smiling-Cat
Its-Not-Going-To-Happen,Its Not Going To Happen,http://imgflip.com/meme/Its-Not-Going-To-Happen
Chef-Skinner-Reading-a-Letter,Chef Skinner Reading a Letter,http://imgflip.com/meme/306216142/Chef-Skinner-Reading-a-Letter
Lisa-Simpsons-Presentation,Lisa Simpson's Presentation,http://imgflip.com/meme/139917843/Lisa-Simpsons-Presentation
i-receive-you-receive,i receive you receive,http://imgflip.com/meme/311582564/i-receive-you-receive
Spiderman-Peter-Parker,Spiderman Peter Parker,http://imgflip.com/meme/Spiderman-Peter-Parker
Gru-Gun,Gru Gun,http://imgflip.com/meme/201034954/Gru-Gun
Mr-incredible-mad,Mr incredible mad,http://imgflip.com/meme/197846899/Mr-incredible-mad
Obi-Wan-Kenobi,Obi Wan Kenobi,http://imgflip.com/meme/Obi-Wan-Kenobi
Sure-grandma-lets-get-you-to-bed,Sure grandma let's get you to bed,http://imgflip.com/meme/268054898/Sure-grandma-lets-get-you-to-bed
Crab-Rave,Crab Rave,http://imgflip.com/meme/182088735/Crab-Rave
Never-ask-a-woman-her-age,Never ask a woman her age,http://imgflip.com/meme/278525960/Never-ask-a-woman-her-age
Thats-a-paddlin,That's a paddlin',http://imgflip.com/meme/Thats-a-paddlin
Two-guys-on-a-bus,Two guys on a bus,http://imgflip.com/meme/354700819/Two-guys-on-a-bus
spongebob-rainbow,spongebob rainbow,http://imgflip.com/meme/32399536/spongebob-rainbow
For-the-better-right-blank,For the better right blank,http://imgflip.com/meme/321592868/For-the-better-right-blank
Kill-Yourself-Guy,Kill Yourself Guy,http://imgflip.com/meme/Kill-Yourself-Guy
where-banana,where banana,http://imgflip.com/meme/259732121/where-banana
Jason-Momoa-Henry-Cavill-Meme,Jason Momoa Henry Cavill,http://imgflip.com/meme/137135579/Jason-Momoa-Henry-Cavill-Meme
triggerpaul,triggerpaul,http://imgflip.com/meme/102723630/triggerpaul
Two-Paths,Two Paths,http://imgflip.com/meme/309668311/Two-Paths
floating-boy-chasing-running-boy,floating boy chasing running boy,http://imgflip.com/meme/160187182/floating-boy-chasing-running-boy
Mr-Krabs-Blur-Meme,Mr Krabs Blur,http://imgflip.com/meme/Mr-Krabs-Blur-Meme
Blank-Starter-Pack,Blank Starter Pack,http://imgflip.com/meme/Blank-Starter-Pack
Bender,Bender,http://imgflip.com/meme/Bender
TOYSTORY-EVERYWHERE,TOYSTORY EVERYWHERE,http://imgflip.com/meme/13026863/TOYSTORY-EVERYWHERE
Heres-Johnny,Here's Johnny,http://imgflip.com/meme/Heres-Johnny
Wolverine-Remember,Wolverine Remember,http://imgflip.com/meme/47169131/Wolverine-Remember
Yes-Honey,Yes Honey,http://imgflip.com/meme/245901889/Yes-Honey
Angry-Baby,Angry Baby,http://imgflip.com/meme/Angry-Baby
Im-the-dumbest-man-alive,I'm the dumbest man alive,http://imgflip.com/meme/187737689/Im-the-dumbest-man-alive
Sudden-Clarity-Clarence,Sudden Clarity Clarence,http://imgflip.com/meme/Sudden-Clarity-Clarence
i-dont-always,i don't always,http://imgflip.com/meme/10760000/i-dont-always
Rick-and-Carl,Rick and Carl,http://imgflip.com/meme/Rick-and-Carl
Why-Cant-You-Just-Be-Normal,Why Can't You Just Be Normal,http://imgflip.com/meme/303873877/Why-Cant-You-Just-Be-Normal
Milk-carton,Milk carton,http://imgflip.com/meme/79023506/Milk-carton
fast-guy-explaining,fast guy explaining,http://imgflip.com/meme/292752607/fast-guy-explaining
Pentagon-Hexagon-Octagon,Pentagon Hexagon Octagon,http://imgflip.com/meme/Pentagon-Hexagon-Octagon
let-me-in,let me in,http://imgflip.com/meme/170261505/let-me-in
I-am-once-again-asking,I am once again asking,http://imgflip.com/meme/223004373/I-am-once-again-asking
Chef-Gordon-Ramsay,Chef Gordon Ramsay,http://imgflip.com/meme/Chef-Gordon-Ramsay
Gentlemen-it-is-with-great-pleasure-to-inform-you-that,"Gentlemen, it is with great pleasure to inform you that",http://imgflip.com/meme/313581692/Gentlemen-it-is-with-great-pleasure-to-inform-you-that
drowning-kid-in-the-pool,drowning kid in the pool,http://imgflip.com/meme/138766447/drowning-kid-in-the-pool
the-office-handshake,the office handshake,http://imgflip.com/meme/206622427/the-office-handshake
Billy-What-Have-You-Done,"Billy, What Have You Done",http://imgflip.com/meme/175637033/Billy-What-Have-You-Done
Guess-Ill-die,Guess I'll die ,http://imgflip.com/meme/96633334/Guess-Ill-die
Community-Fire-Pizza-Meme,Community Fire Pizza,http://imgflip.com/meme/235571786/Community-Fire-Pizza-Meme
Woody-and-Buzz-Lightyear-Everywhere-Widescreen,Woody and Buzz Lightyear Everywhere Widescreen,http://imgflip.com/meme/80964944/Woody-and-Buzz-Lightyear-Everywhere-Widescreen
achievement-unlocked,achievement unlocked,http://imgflip.com/meme/3227693/achievement-unlocked
Squid-Game,Squid Game,http://imgflip.com/meme/558880671/Squid-Game
Oprah-You-Get-A-Car,Oprah 'You Get A Car',http://imgflip.com/meme/171218846/Oprah-You-Get-A-Car
Squid-Game,Squid Game,http://imgflip.com/meme/558880671/Squid-Game
Guy-recording-a-fight,Guy recording a fight,http://imgflip.com/meme/176409418/Guy-recording-a-fight
I-See-Dead-People,I See Dead People,http://imgflip.com/meme/I-See-Dead-People
Donald-Trump,Donald Trump,http://imgflip.com/meme/40314559/Donald-Trump
George-Bush-911,George Bush 9/11,http://imgflip.com/meme/208915813/George-Bush-911
stonks,stonks,http://imgflip.com/meme/186821996/stonks
Unpopular-Opinion-Puffin,Unpopular Opinion Puffin,http://imgflip.com/meme/Unpopular-Opinion-Puffin
High-five-drown,High five drown,http://imgflip.com/meme/168453057/High-five-drown
One-girl-five-guys,One girl five guys,http://imgflip.com/meme/226795017/One-girl-five-guys
Ermahgerd-Berks,Ermahgerd Berks,http://imgflip.com/meme/Ermahgerd-Berks
Mr-bean-waiting,Mr bean waiting,http://imgflip.com/meme/123104217/Mr-bean-waiting
Bird-Box,Bird Box,http://imgflip.com/meme/Bird-Box
Second-Breakfast,Second Breakfast,http://imgflip.com/meme/12235935/Second-Breakfast
thanos-what-did-it-cost,thanos what did it cost,http://imgflip.com/meme/146291180/thanos-what-did-it-cost
Butterfly-man,Butterfly man,http://imgflip.com/meme/137635600/Butterfly-man
Dwight-Schrute,Dwight Schrute,http://imgflip.com/meme/Dwight-Schrute
This-Is-Brilliant-But-I-Like-This,This Is Brilliant But I Like This,http://imgflip.com/meme/136553931/This-Is-Brilliant-But-I-Like-This
I-dont-want-to-play-with-you-anymore,I don't want to play with you anymore,http://imgflip.com/meme/196435636/I-dont-want-to-play-with-you-anymore
Jim-Halpert-Explains,Jim Halpert Explains,http://imgflip.com/meme/228097860/Jim-Halpert-Explains
Steve-Buscemi-Fellow-Kids,Steve Buscemi Fellow Kids,http://imgflip.com/meme/58910635/Steve-Buscemi-Fellow-Kids
Good-Guy-Greg,Good Guy Greg,http://imgflip.com/meme/Good-Guy-Greg
Phoebe-Joey,Phoebe Joey,http://imgflip.com/meme/231451789/Phoebe-Joey
Thinking-Black-Guy,Thinking Black Guy,http://imgflip.com/meme/93608036/Thinking-Black-Guy
first-time,first time,http://imgflip.com/meme/163080720/first-time
Dancing-monkeys,Dancing monkeys,http://imgflip.com/meme/257865310/Dancing-monkeys
I-Was-Told-There-Would-Be,I Was Told There Would Be,http://imgflip.com/meme/I-Was-Told-There-Would-Be
What-if-i-told-you,What if i told you,http://imgflip.com/meme/4081988/What-if-i-told-you
money-smell,money smell,http://imgflip.com/meme/302239323/money-smell
Pedro-Pascal-Nick-Cage,Pedro Pascal Nick Cage,http://imgflip.com/meme/445068443/Pedro-Pascal-Nick-Cage
Big-book-small-book,Big book small book,http://imgflip.com/meme/237236273/Big-book-small-book
sweating-bullets,sweating bullets,http://imgflip.com/meme/28416438/sweating-bullets
Traumatized-Mr-Incredible,Traumatized Mr. Incredible,http://imgflip.com/meme/340157305/Traumatized-Mr-Incredible
This-is-Worthless,This is Worthless,http://imgflip.com/meme/153452716/This-is-Worthless
Dont-make-me-tap-the-sign,Don't make me tap the sign,http://imgflip.com/meme/145699196/Dont-make-me-tap-the-sign
So-I-Got-That-Goin-For-Me-Which-Is-Nice,So I Got That Goin For Me Which Is Nice,http://imgflip.com/meme/So-I-Got-That-Goin-For-Me-Which-Is-Nice
You-Should-Feel-Bad-Zoidberg,You Should Feel Bad Zoidberg,http://imgflip.com/meme/You-Should-Feel-Bad-Zoidberg
batman-signal,batman signal,http://imgflip.com/meme/22138211/batman-signal
Why-Cant-I-Hold-All-These-Limes,Why Can't I Hold All These Limes,http://imgflip.com/meme/Why-Cant-I-Hold-All-These-Limes
These-Arent-The-Droids-You-Were-Looking-For,These Aren't The Droids You Were Looking For,http://imgflip.com/meme/These-Arent-The-Droids-You-Were-Looking-For
I-believe-in-supremacy,I believe in supremacy,http://imgflip.com/meme/275700505/I-believe-in-supremacy
BestBetter-Blurst,"Best,Better, Blurst",http://imgflip.com/meme/205126432/BestBetter-Blurst
math-is-math,math is math,http://imgflip.com/meme/167754325/math-is-math
Unhelpful-High-School-Teacher,Unhelpful High School Teacher,http://imgflip.com/meme/Unhelpful-High-School-Teacher
Captain-Phillips-Im-The-Captain-Now,Captain Phillips - I'm The Captain Now,http://imgflip.com/meme/Captain-Phillips-Im-The-Captain-Now
Me-explaining-to-my-mom,Me explaining to my mom,http://imgflip.com/meme/185536441/Me-explaining-to-my-mom
Weak-vs-Strong-Spongebob,Weak vs Strong Spongebob,http://imgflip.com/meme/174791714/Weak-vs-Strong-Spongebob
Cool-Cat-Stroll,Cool Cat Stroll,http://imgflip.com/meme/Cool-Cat-Stroll
patrick-to-do-list-actually-blank,patrick to do list actually blank,http://imgflip.com/meme/247756783/patrick-to-do-list-actually-blank
I-do-ONE-Push-Up,I do ONE Push-Up,http://imgflip.com/meme/254366901/I-do-ONE-Push-Up
Winter-Is-Coming,Winter Is Coming,http://imgflip.com/meme/18552174/Winter-Is-Coming
Hide-the-Pain-Harold,Hide the Pain Harold,http://imgflip.com/meme/81332206/Hide-the-Pain-Harold
Vince-McMahon-Reaction-wGlowing-Eyes,Vince McMahon Reaction w/Glowing Eyes,http://imgflip.com/meme/126882756/Vince-McMahon-Reaction-wGlowing-Eyes
Homer-Simpsons-Back-Fat,Homer Simpson's Back Fat,http://imgflip.com/meme/157043617/Homer-Simpsons-Back-Fat
Wake-Up-Babe,Wake Up Babe,http://imgflip.com/meme/260755514/Wake-Up-Babe
death-knocking-at-the-door,death knocking at the door,http://imgflip.com/meme/174847904/death-knocking-at-the-door
Goose-Chase,Goose Chase,http://imgflip.com/meme/398221598/Goose-Chase
black-guy-stopping,black guy stopping,http://imgflip.com/meme/169798464/black-guy-stopping
Horse-Drawing,Horse Drawing,http://imgflip.com/meme/168840525/Horse-Drawing
damn-got-hands,damn got hands,http://imgflip.com/meme/293131641/damn-got-hands
patrick-not-my-wallet,patrick not my wallet,http://imgflip.com/meme/109894751/patrick-not-my-wallet
Drake-Hotline-approves,Drake Hotline approves,http://imgflip.com/meme/71491297/Drake-Hotline-approves
FINALLY,FINALLY,http://imgflip.com/meme/222476282/FINALLY
Bateman-walking,Bateman walking,http://imgflip.com/meme/373996592/Bateman-walking
Chuck-Norris,Chuck Norris,http://imgflip.com/meme/Chuck-Norris
Free,Free,http://imgflip.com/meme/27596988/Free
Ill-Have-You-Know-Spongebob,I'll Have You Know Spongebob,http://imgflip.com/meme/Ill-Have-You-Know-Spongebob
Drake-NoYes,Drake No/Yes,http://imgflip.com/meme/124276589/Drake-NoYes
Ol-Reliable,Ol' Reliable,http://imgflip.com/meme/139937960/Ol-Reliable
Prove-me-wrong,Prove me wrong,http://imgflip.com/meme/140087640/Prove-me-wrong
You-The-Real-MVP,You The Real MVP,http://imgflip.com/meme/You-The-Real-MVP
Here-it-comes,Here it comes,http://imgflip.com/meme/170049790/Here-it-comes
Table-Flip-Guy,Table Flip Guy,http://imgflip.com/meme/Table-Flip-Guy
Dr-Evil-air-quotes,Dr Evil air quotes,http://imgflip.com/meme/65807782/Dr-Evil-air-quotes
Hey-Internet,Hey Internet,http://imgflip.com/meme/Hey-Internet
Black-White-Arms,Black White Arms,http://imgflip.com/meme/149409046/Black-White-Arms
Skeletor-disturbing-facts,Skeletor disturbing facts,http://imgflip.com/meme/336049737/Skeletor-disturbing-facts
Slowpoke,Slowpoke,http://imgflip.com/meme/Slowpoke
I-Guarantee-It,I Guarantee It,http://imgflip.com/meme/I-Guarantee-It
I-Too-Like-To-Live-Dangerously,I Too Like To Live Dangerously,http://imgflip.com/meme/I-Too-Like-To-Live-Dangerously
Pink-Guy-vs-Bane,Pink Guy vs Bane,http://imgflip.com/meme/212319280/Pink-Guy-vs-Bane
Willy-Wonka-Blank,Willy Wonka Blank,http://imgflip.com/meme/18672402/Willy-Wonka-Blank
Heavy-Breathing-Cat,Heavy Breathing Cat,http://imgflip.com/meme/Heavy-Breathing-Cat
blank-red-MAGA-hat,blank red MAGA hat,http://imgflip.com/meme/95813521/blank-red-MAGA-hat
Plague-Doctor-Gangstas-Paradise,Plague Doctor Gangsta's Paradise,http://imgflip.com/meme/286543019/Plague-Doctor-Gangstas-Paradise
You-cant-defeat-me,You can't defeat me,http://imgflip.com/meme/146594491/You-cant-defeat-me
Crying-cat,Crying cat,http://imgflip.com/meme/42003405/Crying-cat
i-sleep-real-shit,i sleep real shit,http://imgflip.com/meme/118929239/i-sleep-real-shit
Live-reaction,Live reaction,http://imgflip.com/meme/413510303/Live-reaction
Anthony-Adams-Rubbing-Hands,Anthony Adams Rubbing Hands,http://imgflip.com/meme/196595107/Anthony-Adams-Rubbing-Hands
Laughing-wolf,Laughing wolf,http://imgflip.com/meme/254336433/Laughing-wolf
Average-BLANK-Fan-VS-Average-BLANK-Enjoyer,Average *BLANK* Fan VS Average *BLANK* Enjoyer,http://imgflip.com/meme/273245450/Average-BLANK-Fan-VS-Average-BLANK-Enjoyer
High-Expectations-Asian-Father,High Expectations Asian Father,http://imgflip.com/meme/High-Expectations-Asian-Father
Normal-and-dark-mrincredibles,Normal and dark mr.incredibles,http://imgflip.com/meme/336492590/Normal-and-dark-mrincredibles
They-hated-jesus-because-he-told-them-the-truth,They hated jesus because he told them the truth,http://imgflip.com/meme/115851124/They-hated-jesus-because-he-told-them-the-truth
5-black-guys-and-blonde,5 black guys and blonde,http://imgflip.com/meme/119377724/5-black-guys-and-blonde
If-those-kids-could-read-theyd-be-very-upset,If those kids could read they'd be very upset,http://imgflip.com/meme/243100573/If-those-kids-could-read-theyd-be-very-upset
Look-At-All-These,Look At All These,http://imgflip.com/meme/Look-At-All-These
Dinkleberg,Dinkleberg,http://imgflip.com/meme/39633/Dinkleberg
For-Christmas-I-Want-a-Dragon,For Christmas I Want a Dragon,http://imgflip.com/meme/156236331/For-Christmas-I-Want-a-Dragon
walter-white-cooking,walter white cooking,http://imgflip.com/meme/360053085/walter-white-cooking
black-guy-pointing-at-head,black guy pointing at head,http://imgflip.com/meme/92741429/black-guy-pointing-at-head
Simpsons-so-far,Simpsons so far,http://imgflip.com/meme/131745903/Simpsons-so-far
Mr-T-Pity-The-Fool,Mr T Pity The Fool,http://imgflip.com/meme/Mr-T-Pity-The-Fool
Calculating-meme,Calculating meme,http://imgflip.com/meme/92828109/Calculating-meme
pennywise-in-sewer,pennywise in sewer,http://imgflip.com/meme/99384040/pennywise-in-sewer
How-Tough-Are-You,How Tough Are You,http://imgflip.com/meme/How-Tough-Are-You
For-Dummies,For Dummies,http://imgflip.com/meme/59165342/For-Dummies
Lion-King,Lion King,http://imgflip.com/meme/Lion-King
Warning-Sign,Warning Sign,http://imgflip.com/meme/Warning-Sign
John-Cena-confuses,John Cena confuses,http://imgflip.com/meme/232462064/John-Cena-confuses
DJ-Pauly-D,DJ Pauly D,http://imgflip.com/meme/DJ-Pauly-D
NPC-Meme,NPC,http://imgflip.com/meme/154558741/NPC-Meme
Kong-Godzilla-Doge,Kong Godzilla Doge,http://imgflip.com/meme/299167033/Kong-Godzilla-Doge
and-I-took-that-personally,and I took that personally,http://imgflip.com/meme/270884147/and-I-took-that-personally
Meme-Stealing-License,Meme Stealing License,http://imgflip.com/meme/118454226/Meme-Stealing-License
Get-In-Loser,Get In Loser,http://imgflip.com/meme/28926942/Get-In-Loser
Doof-If-I-had-a-Nickel,Doof If I had a Nickel,http://imgflip.com/meme/235033561/Doof-If-I-had-a-Nickel
Chuck-Norris-Approves,Chuck Norris Approves,http://imgflip.com/meme/Chuck-Norris-Approves
Bilbo---Why-shouldnt-I-keep-it,Bilbo - Why shouldnâ€™t I keep it?,http://imgflip.com/meme/256635436/Bilbo---Why-shouldnt-I-keep-it
