id,title,url,kym_url
Drake-Hotline-Bling,Drake Hotline Bling,http://imgflip.com/meme/Drake-Hotline-Bling,https://knowyourmeme.com/memes/drakeposting
Distracted-Boyfriend,Distracted Boyfriend,http://imgflip.com/meme/Distracted-Boyfriend,https://knowyourmeme.com/memes/distracted-boyfriend
Two-Buttons,Two Buttons,http://imgflip.com/meme/Two-Buttons,https://knowyourmeme.com/memes/daily-struggle-two-buttons
Left-Exit-12-Off-Ramp,Left Exit 12 Off Ramp,http://imgflip.com/meme/Left-Exit-12-Off-Ramp,https://knowyourmeme.com/memes/left-exit-12-off-ramp
Change-My-Mind,Change My Mind,http://imgflip.com/meme/Change-My-Mind,https://knowyourmeme.com/memes/steven-crowders-change-my-mind-campus-sign
Batman-Slapping-Robin,Batman Slapping Robin,http://imgflip.com/meme/Batman-Slapping-Robin,https://knowyourmeme.com/memes/my-parents-are-dead-batman-slapping-robin
UNO-Draw-25-Cards,UNO Draw 25 Cards,http://imgflip.com/meme/UNO-Draw-25-Cards,https://knowyourmeme.com/memes/draw-25
Running-Away-Balloon,Running Away Balloon,http://imgflip.com/meme/Running-Away-Balloon,https://knowyourmeme.com/memes/running-away-balloon
One-Does-Not-Simply,One Does Not Simply,http://imgflip.com/meme/One-Does-Not-Simply,https://knowyourmeme.com/memes/one-does-not-simply-walk-into-mordor
Expanding-Brain,Expanding Brain,http://imgflip.com/meme/Expanding-Brain,https://knowyourmeme.com/memes/galaxy-brain
Waiting-Skeleton,Waiting Skeleton,http://imgflip.com/meme/Waiting-Skeleton,https://knowyourmeme.com/memes/waiting-for-op
Mocking-Spongebob,Mocking Spongebob,http://imgflip.com/meme/Mocking-Spongebob,https://knowyourmeme.com/memes/mocking-spongebob
Boardroom-Meeting-Suggestion,Boardroom Meeting Suggestion,http://imgflip.com/meme/Boardroom-Meeting-Suggestion,https://knowyourmeme.com/memes/boardroom-suggestion
Disaster-Girl,Disaster Girl,http://imgflip.com/meme/Disaster-Girl,https://knowyourmeme.com/memes/disaster-girl
Woman-Yelling-At-Cat,Woman Yelling At Cat,http://imgflip.com/meme/Woman-Yelling-At-Cat,https://knowyourmeme.com/memes/woman-yelling-at-a-cat
X-X-Everywhere,"X, X Everywhere",http://imgflip.com/meme/X-X-Everywhere,https://knowyourmeme.com/memes/x-x-everywhere
Ancient-Aliens,Ancient Aliens,http://imgflip.com/meme/Ancient-Aliens,https://knowyourmeme.com/memes/ancient-aliens
Buff-Doge-vs-Cheems,Buff Doge vs. Cheems,http://imgflip.com/meme/Buff-Doge-vs-Cheems,https://knowyourmeme.com/memes/swole-doge-vs-cheems
Grus-Plan,Gru's Plan,http://imgflip.com/meme/Grus-Plan,https://knowyourmeme.com/memes/grus-plan
Roll-Safe-Think-About-It,Roll Safe Think About It,http://imgflip.com/meme/Roll-Safe-Think-About-It,https://knowyourmeme.com/memes/roll-safe
Blank-Nut-Button,Blank Nut Button,http://imgflip.com/meme/Blank-Nut-Button,https://knowyourmeme.com/memes/nut-button
Futurama-Fry,Futurama Fry,http://imgflip.com/meme/Futurama-Fry,https://knowyourmeme.com/memes/futurama-fry-not-sure-if
Bernie-I-Am-Once-Again-Asking-For-Your-Support,Bernie I Am Once Again Asking For Your Support,http://imgflip.com/meme/Bernie-I-Am-Once-Again-Asking-For-Your-Support,https://knowyourmeme.com/memes/i-am-once-again-asking-for-your-financial-support
Tuxedo-Winnie-The-Pooh,Tuxedo Winnie The Pooh,http://imgflip.com/meme/Tuxedo-Winnie-The-Pooh,https://knowyourmeme.com/memes/tuxedo-winnie-the-pooh
Surprised-Pikachu,Surprised Pikachu,http://imgflip.com/meme/Surprised-Pikachu,https://knowyourmeme.com/memes/surprised-pikachu
Inhaling-Seagull,Inhaling Seagull,http://imgflip.com/meme/Inhaling-Seagull,https://knowyourmeme.com/memes/inhaling-seagull
Leonardo-Dicaprio-Cheers,Leonardo Dicaprio Cheers,http://imgflip.com/meme/Leonardo-Dicaprio-Cheers,https://knowyourmeme.com/memes/great-gatsby-reaction-leonardo-dicaprio-toast
Epic-Handshake,Epic Handshake,http://imgflip.com/meme/Epic-Handshake,https://knowyourmeme.com/memes/epic-handshake
Hide-the-Pain-Harold,Hide the Pain Harold,http://imgflip.com/meme/Hide-the-Pain-Harold,https://knowyourmeme.com/memes/hide-the-pain-harold
The-Scroll-Of-Truth,The Scroll Of Truth,http://imgflip.com/meme/The-Scroll-Of-Truth,https://knowyourmeme.com/memes/the-scroll-of-truth
Sad-Pablo-Escobar,Sad Pablo Escobar,http://imgflip.com/meme/Sad-Pablo-Escobar,https://knowyourmeme.com/memes/pablo-escobar-waiting
Is-This-A-Pigeon,Is This A Pigeon,http://imgflip.com/meme/Is-This-A-Pigeon,https://knowyourmeme.com/memes/is-this-a-pigeon
The-Rock-Driving,The Rock Driving,http://imgflip.com/meme/The-Rock-Driving,https://knowyourmeme.com/memes/the-rock-driving
The-Most-Interesting-Man-In-The-World,The Most Interesting Man In The World,http://imgflip.com/meme/The-Most-Interesting-Man-In-The-World,https://knowyourmeme.com/memes/the-most-interesting-man-in-the-world
Panik-Kalm-Panik,Panik Kalm Panik,http://imgflip.com/meme/Panik-Kalm-Panik,https://knowyourmeme.com/memes/panik-kalm
Monkey-Puppet,Monkey Puppet,http://imgflip.com/meme/Monkey-Puppet,https://knowyourmeme.com/memes/monkey-puppet
Yall-Got-Any-More-Of-That,Y'all Got Any More Of That,http://imgflip.com/meme/Yall-Got-Any-More-Of-That,https://knowyourmeme.com/memes/yall-got-anymore-of-tyrone-biggums
Oprah-You-Get-A,Oprah You Get A,http://imgflip.com/meme/Oprah-You-Get-A,https://knowyourmeme.com/memes/oprahs-you-get-a-car
Always-Has-Been,Always Has Been,http://imgflip.com/meme/Always-Has-Been,https://knowyourmeme.com/memes/wait-its-all-ohio-always-has-been
Marked-Safe-From,Marked Safe From,http://imgflip.com/meme/Marked-Safe-From,https://knowyourmeme.com/memes/marked-safe-from-x
Doge,Doge,http://imgflip.com/meme/Doge,https://knowyourmeme.com/memes/doge
Bad-Luck-Brian,Bad Luck Brian,http://imgflip.com/meme/Bad-Luck-Brian,https://knowyourmeme.com/memes/bad-luck-brian
Third-World-Skeptical-Kid,Third World Skeptical Kid,http://imgflip.com/meme/Third-World-Skeptical-Kid,https://knowyourmeme.com/memes/third-world-success
American-Chopper-Argument,American Chopper Argument,http://imgflip.com/meme/American-Chopper-Argument,https://knowyourmeme.com/memes/american-chopper-argument
First-World-Problems,First World Problems,http://imgflip.com/meme/First-World-Problems,https://knowyourmeme.com/memes/first-world-problems-cat
Trump-Bill-Signing,Trump Bill Signing,http://imgflip.com/meme/Trump-Bill-Signing,https://knowyourmeme.com/memes/events/russiagate
Theyre-The-Same-Picture,They're The Same Picture,http://imgflip.com/meme/Theyre-The-Same-Picture,https://knowyourmeme.com/memes/theyre-the-same-picture
I-Bet-Hes-Thinking-About-Other-Women,I Bet He's Thinking About Other Women,http://imgflip.com/meme/I-Bet-Hes-Thinking-About-Other-Women,https://knowyourmeme.com/memes/i-bet-hes-thinking-about-other-women
Grandma-Finds-The-Internet,Grandma Finds The Internet,http://imgflip.com/meme/Grandma-Finds-The-Internet,https://knowyourmeme.com/memes/grandma-finds-the-internet
Finding-Neverland,Finding Neverland,http://imgflip.com/meme/Finding-Neverland,https://knowyourmeme.com/memes/finding-neverland
Unsettled-Tom,Unsettled Tom,http://imgflip.com/meme/Unsettled-Tom,https://knowyourmeme.com/memes/unsettled-tom
Evil-Kermit,Evil Kermit,http://imgflip.com/meme/Evil-Kermit,https://knowyourmeme.com/memes/evil-kermit
Y-U-No,Y U No,http://imgflip.com/meme/Y-U-No,https://knowyourmeme.com/memes/y-u-no-guy
This-Is-Where-Id-Put-My-Trophy-If-I-Had-One,This Is Where I'd Put My Trophy If I Had One,http://imgflip.com/meme/This-Is-Where-Id-Put-My-Trophy-If-I-Had-One,https://knowyourmeme.com/memes/this-is-where-id-put-my-trophy-if-i-had-one
Success-Kid,Success Kid,http://imgflip.com/meme/Success-Kid,https://knowyourmeme.com/memes/success-kid-i-hate-sandcastles
This-Is-Fine,This Is Fine,http://imgflip.com/meme/This-Is-Fine,https://knowyourmeme.com/memes/this-is-fine
That-Would-Be-Great,That Would Be Great,http://imgflip.com/meme/That-Would-Be-Great,https://knowyourmeme.com/memes/that-would-be-great
Star-Wars-Yoda,Star Wars Yoda,http://imgflip.com/meme/Star-Wars-Yoda,https://knowyourmeme.com/memes/lego-yoda-death-sound
Brace-Yourselves-X-is-Coming,Brace Yourselves X is Coming,http://imgflip.com/meme/Brace-Yourselves-X-is-Coming,https://knowyourmeme.com/memes/brace-yourselves-winter-is-coming
Who-Killed-Hannibal,Who Killed Hannibal,http://imgflip.com/meme/Who-Killed-Hannibal,https://knowyourmeme.com/memes/who-killed-hannibal
Spongebob-Ight-Imma-Head-Out,Spongebob Ight Imma Head Out,http://imgflip.com/meme/Spongebob-Ight-Imma-Head-Out,https://knowyourmeme.com/memes/ight-imma-head-out
Grumpy-Cat,Grumpy Cat,http://imgflip.com/meme/Grumpy-Cat,https://knowyourmeme.com/memes/grumpy-cat
Bike-Fall,Bike Fall,http://imgflip.com/meme/Bike-Fall,https://knowyourmeme.com/memes/baton-roue
Creepy-Condescending-Wonka,Creepy Condescending Wonka,http://imgflip.com/meme/Creepy-Condescending-Wonka,https://knowyourmeme.com/memes/condescending-wonka-creepy-wonka
But-Thats-None-Of-My-Business,But That's None Of My Business,http://imgflip.com/meme/But-Thats-None-Of-My-Business,https://knowyourmeme.com/memes/but-thats-none-of-my-business
Dont-You-Squidward,Don't You Squidward,http://imgflip.com/meme/Dont-You-Squidward,https://knowyourmeme.com/memes/you-like-krabby-patties-dont-you-squidward
X-All-The-Y,X All The Y,http://imgflip.com/meme/X-All-The-Y,https://knowyourmeme.com/memes/subcultures/hyperbole-and-a-half
Anakin-Padme-4-Panel,Anakin Padme 4 Panel,http://imgflip.com/meme/322841258/Anakin-Padme-4-Panel,https://knowyourmeme.com/memes/for-the-better-right
Clown-Applying-Makeup,Clown Applying Makeup,http://imgflip.com/meme/Clown-Applying-Makeup,https://knowyourmeme.com/memes/putting-on-clown-makeup
Captain-Picard-Facepalm,Captain Picard Facepalm,http://imgflip.com/meme/Captain-Picard-Facepalm,https://knowyourmeme.com/memes/annoyed-picard
Trade-Offer,Trade Offer,http://imgflip.com/meme/309868304/Trade-Offer,https://knowyourmeme.com/memes/trade-offer
Third-World-Success-Kid,Third World Success Kid,http://imgflip.com/meme/Third-World-Success-Kid,https://knowyourmeme.com/memes/third-world-success
Evil-Toddler,Evil Toddler,http://imgflip.com/meme/Evil-Toddler,https://knowyourmeme.com/memes/evil-toddler
Sleeping-Shaq,Sleeping Shaq,http://imgflip.com/meme/Sleeping-Shaq,https://knowyourmeme.com/memes/sleeping-shaq
Matrix-Morpheus,Matrix Morpheus,http://imgflip.com/meme/Matrix-Morpheus,https://knowyourmeme.com/memes/matrix-morpheus
Philosoraptor,Philosoraptor,http://imgflip.com/meme/Philosoraptor,https://knowyourmeme.com/memes/philosoraptor
Laughing-Leo,Laughing Leo,http://imgflip.com/meme/Laughing-Leo,https://knowyourmeme.com/memes/leonardo-dicaprio-laughing
Black-Girl-Wat,Black Girl Wat,http://imgflip.com/meme/Black-Girl-Wat,https://knowyourmeme.com/memes/sorry-miss-you-are-still-a-girl-no-matter-wat-u-do
Hard-To-Swallow-Pills,Hard To Swallow Pills,http://imgflip.com/meme/Hard-To-Swallow-Pills,https://knowyourmeme.com/memes/hard-to-swallow-pills
Picard-Wtf,Picard Wtf,http://imgflip.com/meme/Picard-Wtf,https://knowyourmeme.com/memes/wtf-is-this-shit
Laughing-Men-In-Suits,Laughing Men In Suits,http://imgflip.com/meme/Laughing-Men-In-Suits,https://knowyourmeme.com/memes/and-then-i-said
Megamind-peeking,Megamind peeking,http://imgflip.com/meme/370867422/Megamind-peeking,https://knowyourmeme.com/memes/no-bitches
Who-Would-Win,Who Would Win?,http://imgflip.com/meme/Who-Would-Win,https://knowyourmeme.com/memes/who-would-win
10-Guy,10 Guy,http://imgflip.com/meme/10-Guy,https://knowyourmeme.com/memes/10-guy
Too-Damn-High,Too Damn High,http://imgflip.com/meme/Too-Damn-High,https://knowyourmeme.com/memes/the-rent-is-too-damn-high-jimmy-mcmillan
Yo-Dawg-Heard-You,Yo Dawg Heard You,http://imgflip.com/meme/Yo-Dawg-Heard-You,https://knowyourmeme.com/memes/xzibit-yo-dawg
Dr-Evil-Laser,Dr Evil Laser,http://imgflip.com/meme/Dr-Evil-Laser,https://knowyourmeme.com/memes/dr-evil-air-quotes
Ill-Just-Wait-Here,I'll Just Wait Here,http://imgflip.com/meme/Ill-Just-Wait-Here,https://knowyourmeme.com/memes/people/billy-mays
Am-I-The-Only-One-Around-Here,Am I The Only One Around Here,http://imgflip.com/meme/Am-I-The-Only-One-Around-Here,https://knowyourmeme.com/memes/am-i-the-only-one-around-here
Flex-Tape,Flex Tape,http://imgflip.com/meme/166969924/Flex-Tape,https://knowyourmeme.com/memes/flex-tape
Face-You-Make-Robert-Downey-Jr,Face You Make Robert Downey Jr,http://imgflip.com/meme/Face-You-Make-Robert-Downey-Jr,https://knowyourmeme.com/memes/robert-downey-jr-eye-roll
Put-It-Somewhere-Else-Patrick,Put It Somewhere Else Patrick,http://imgflip.com/meme/Put-It-Somewhere-Else-Patrick,https://knowyourmeme.com/memes/push-it-somewhere-else-patrick
Disappointed-Black-Guy,Disappointed Black Guy,http://imgflip.com/meme/50421420/Disappointed-Black-Guy,https://knowyourmeme.com/memes/disappointed-black-guy
Imagination-Spongebob,Imagination Spongebob,http://imgflip.com/meme/Imagination-Spongebob,https://knowyourmeme.com/memes/imagination-spongebob
Be-Like-Bill,Be Like Bill,http://imgflip.com/meme/Be-Like-Bill,https://knowyourmeme.com/memes/be-like-bill
Look-At-Me,Look At Me,http://imgflip.com/meme/Look-At-Me,https://knowyourmeme.com/memes/look-at-me-hector-buff-gus
Drake-Blank,Drake Blank,http://imgflip.com/meme/91998305/Drake-Blank,https://knowyourmeme.com/memes/im-a-lion-pizza-chicken
Mother-Ignoring-Kid-Drowning-In-A-Pool,Mother Ignoring Kid Drowning In A Pool,http://imgflip.com/meme/252758727/Mother-Ignoring-Kid-Drowning-In-A-Pool,https://knowyourmeme.com/memes/mother-ignoring-kid-drowning-in-a-pool
Types-of-Headaches-meme,Types of Headaches meme,http://imgflip.com/meme/119215120/Types-of-Headaches-meme,https://knowyourmeme.com/memes/types-of-headaches
Bad-Pun-Dog,Bad Pun Dog,http://imgflip.com/meme/Bad-Pun-Dog,https://knowyourmeme.com/memes/pun-dog
A-train-hitting-a-school-bus,A train hitting a school bus,http://imgflip.com/meme/247113703/A-train-hitting-a-school-bus,https://knowyourmeme.com/memes/train-hitting-school-bus
You-Guys-are-Getting-Paid,You Guys are Getting Paid,http://imgflip.com/meme/177682295/You-Guys-are-Getting-Paid,https://knowyourmeme.com/memes/you-guys-are-getting-paid
Jack-Sparrow-Being-Chased,Jack Sparrow Being Chased,http://imgflip.com/meme/Jack-Sparrow-Being-Chased,https://knowyourmeme.com/memes/jack-sparrow-run
Mugatu-So-Hot-Right-Now,Mugatu So Hot Right Now,http://imgflip.com/meme/Mugatu-So-Hot-Right-Now,https://knowyourmeme.com/memes/x-is-so-hot-right-now
where-monkey,where monkey,http://imgflip.com/meme/316466202/where-monkey,https://knowyourmeme.com/memes/monkey-puppet
spiderman-pointing-at-spiderman,spiderman pointing at spiderman,http://imgflip.com/meme/110133729/spiderman-pointing-at-spiderman,https://knowyourmeme.com/memes/spider-man-pointing-at-spider-man
I-Should-Buy-A-Boat-Cat,I Should Buy A Boat Cat,http://imgflip.com/meme/I-Should-Buy-A-Boat-Cat,https://knowyourmeme.com/memes/i-should-buy-a-boat-cat
Sparta-Leonidas,Sparta Leonidas,http://imgflip.com/meme/Sparta-Leonidas,https://knowyourmeme.com/memes/this-is-sparta
Whisper-and-Goosebumps,Whisper and Goosebumps,http://imgflip.com/meme/101956210/Whisper-and-Goosebumps,https://knowyourmeme.com/memes/whisper-in-ear-goosebumps
See-Nobody-Cares,See Nobody Cares,http://imgflip.com/meme/See-Nobody-Cares,https://knowyourmeme.com/memes/see-nobody-cares
Squidward-window,Squidward window,http://imgflip.com/meme/67452763/Squidward-window,https://knowyourmeme.com/memes/squidward-looking-out-the-window
Bernie-Sanders-Once-Again-Asking,Bernie Sanders Once Again Asking,http://imgflip.com/meme/224015000/Bernie-Sanders-Once-Again-Asking,https://knowyourmeme.com/memes/i-am-once-again-asking-for-your-financial-support
Grant-Gustin-over-grave,Grant Gustin over grave,http://imgflip.com/meme/221578498/Grant-Gustin-over-grave,https://knowyourmeme.com/memes/grant-gustin-next-to-oliver-queens-grave
Maury-Lie-Detector,Maury Lie Detector,http://imgflip.com/meme/Maury-Lie-Detector,https://knowyourmeme.com/memes/maury-lie-detector
Aaaaand-Its-Gone,Aaaaand Its Gone,http://imgflip.com/meme/Aaaaand-Its-Gone,https://knowyourmeme.com/memes/and-its-gone
All-My-Homies-Hate,All My Homies Hate,http://imgflip.com/meme/216523697/All-My-Homies-Hate,https://knowyourmeme.com/memes/fuck-x-all-my-homies-use-y
Confession-Bear,Confession Bear,http://imgflip.com/meme/Confession-Bear,https://knowyourmeme.com/memes/confession-bear
Is-This-a-Pigeon,Is This a Pigeon,http://imgflip.com/meme/62126969/Is-This-a-Pigeon,https://knowyourmeme.com/memes/is-this-a-pigeon
Anime-Girl-Hiding-from-Terminator,Anime Girl Hiding from Terminator,http://imgflip.com/meme/224514655/Anime-Girl-Hiding-from-Terminator,https://knowyourmeme.com/memes/anime-girl-hiding-from-a-terminator
Back-In-My-Day,Back In My Day,http://imgflip.com/meme/Back-In-My-Day,https://knowyourmeme.com/memes/back-in-the-day-me-and-you-baby-thats-not-my-son
Uncle-Sam,Uncle Sam,http://imgflip.com/meme/Uncle-Sam,https://knowyourmeme.com/memes/uncle-sams-i-want-you-poster
Shut-Up-And-Take-My-Money-Fry,Shut Up And Take My Money Fry,http://imgflip.com/meme/Shut-Up-And-Take-My-Money-Fry,https://knowyourmeme.com/memes/shut-up-and-take-my-money
Say-That-Again-I-Dare-You,Say That Again I Dare You,http://imgflip.com/meme/Say-That-Again-I-Dare-You,https://knowyourmeme.com/memes/english-motherfucker-do-you-speak-it
Bugs-bunny-communist,Bugs bunny communist,http://imgflip.com/meme/249257686/Bugs-bunny-communist,https://knowyourmeme.com/memes/communist-bugs-bunny
They-dont-know,They don't know,http://imgflip.com/meme/284929871/They-dont-know,https://knowyourmeme.com/memes/they-know-what-is-what-but-they-dont-know-what-is-what-they-just-strut
Pawn-Stars-Best-I-Can-Do,Pawn Stars Best I Can Do,http://imgflip.com/meme/77045868/Pawn-Stars-Best-I-Can-Do,https://knowyourmeme.com/memes/best-i-can-do-is
Scared-Cat,Scared Cat,http://imgflip.com/meme/Scared-Cat,https://knowyourmeme.com/memes/knife-cat
Conspiracy-Keanu,Conspiracy Keanu,http://imgflip.com/meme/Conspiracy-Keanu,https://knowyourmeme.com/memes/conspiracy-keanu
Three-headed-Dragon,Three-headed Dragon,http://imgflip.com/meme/187102311/Three-headed-Dragon,https://knowyourmeme.com/memes/three-headed-dragon
Awkward-Moment-Sealion,Awkward Moment Sealion,http://imgflip.com/meme/Awkward-Moment-Sealion,https://knowyourmeme.com/memes/awkward-moment-seal
Simba-Shadowy-Place,Simba Shadowy Place,http://imgflip.com/meme/Simba-Shadowy-Place,https://knowyourmeme.com/memes/everything-the-light-touches-is
And-everybody-loses-their-minds,And everybody loses their minds,http://imgflip.com/meme/And-everybody-loses-their-minds,https://knowyourmeme.com/memes/everyone-loses-their-minds
Marvel-Civil-War-1,Marvel Civil War 1,http://imgflip.com/meme/Marvel-Civil-War-1,https://knowyourmeme.com/memes/subcultures/transformers
Squidward,Squidward,http://imgflip.com/meme/Squidward,https://knowyourmeme.com/memes/sleeping-squidward
Pepperidge-Farm-Remembers,Pepperidge Farm Remembers,http://imgflip.com/meme/Pepperidge-Farm-Remembers,https://knowyourmeme.com/memes/pepperidge-farm-remembers
What-Gives-People-Feelings-of-Power,What Gives People Feelings of Power,http://imgflip.com/meme/177984372/What-Gives-People-Feelings-of-Power,https://knowyourmeme.com/memes/what-gives-people-feelings-of-power
Soldier-protecting-sleeping-child,Soldier protecting sleeping child,http://imgflip.com/meme/171305372/Soldier-protecting-sleeping-child,https://knowyourmeme.com/memes/the-silent-protector
Buddy-Christ,Buddy Christ,http://imgflip.com/meme/Buddy-Christ,https://knowyourmeme.com/memes/buddy-christ
Good-Fellas-Hilarious,Good Fellas Hilarious,http://imgflip.com/meme/Good-Fellas-Hilarious,https://knowyourmeme.com/memes/goodfellas-funny-funny-how
Aint-Nobody-Got-Time-For-That,Ain't Nobody Got Time For That,http://imgflip.com/meme/Aint-Nobody-Got-Time-For-That,https://knowyourmeme.com/memes/sweet-brown-aint-nobody-got-time-for-that
AJ-Styles--Undertaker,AJ Styles & Undertaker,http://imgflip.com/meme/234202281/AJ-Styles--Undertaker,https://knowyourmeme.com/memes/undertaker-standing-behind-aj-styles
Cute-Cat,Cute Cat,http://imgflip.com/meme/Cute-Cat,https://knowyourmeme.com/memes/3-cat-face
Disappearing-kid-gif,Disappearing kid gif,http://imgflip.com/meme/222516354/Disappearing-kid-gif,https://knowyourmeme.com/memes/nileseyy-niles-disappears
Gus-Fring-we-are-not-the-same,Gus Fring we are not the same,http://imgflip.com/meme/342785297/Gus-Fring-we-are-not-the-same,https://knowyourmeme.com/memes/we-are-not-the-same
Spongebob-Burning-Paper,Spongebob Burning Paper,http://imgflip.com/meme/139971723/Spongebob-Burning-Paper,https://knowyourmeme.com/memes/spongebob-burning-paper
woman-yelling-at-cat,woman yelling at cat,http://imgflip.com/meme/187112276/woman-yelling-at-cat,https://knowyourmeme.com/memes/woman-yelling-at-a-cat
Im-The-Captain-Now,I'm The Captain Now,http://imgflip.com/meme/Im-The-Captain-Now,https://knowyourmeme.com/memes/look-at-me-im-the-captain-now
Domino-Effect,Domino Effect,http://imgflip.com/meme/162372564/Domino-Effect,https://knowyourmeme.com/memes/domino-effect
Brain-Before-Sleep,Brain Before Sleep,http://imgflip.com/meme/189601074/Brain-Before-Sleep,https://knowyourmeme.com/memes/russian-sleep-experiment
Skeptical-Baby,Skeptical Baby,http://imgflip.com/meme/Skeptical-Baby,https://knowyourmeme.com/memes/skeptical-baby
Afraid-To-Ask-Andy,Afraid To Ask Andy,http://imgflip.com/meme/Afraid-To-Ask-Andy,https://knowyourmeme.com/memes/afraid-to-ask-andy
Charlie-Conspiracy-Always-Sunny-in-Philidelphia,Charlie Conspiracy (Always Sunny in Philidelphia),http://imgflip.com/meme/92084495/Charlie-Conspiracy-Always-Sunny-in-Philidelphia,https://knowyourmeme.com/memes/pepe-silvia
Math-ladyConfused-lady,Math lady/Confused lady,http://imgflip.com/meme/80996545/Math-ladyConfused-lady,https://knowyourmeme.com/memes/math-lady-confused-lady
cmon-do-something,c'mon do something,http://imgflip.com/meme/20007896/cmon-do-something,https://knowyourmeme.com/memes/cmon-do-something
Friendship-ended,Friendship ended,http://imgflip.com/meme/137501417/Friendship-ended,https://knowyourmeme.com/memes/friendship-ended-with-mudasir
Me-And-The-Boys,Me And The Boys,http://imgflip.com/meme/Me-And-The-Boys,https://knowyourmeme.com/memes/me-and-the-boys
Surprised-Koala,Surprised Koala,http://imgflip.com/meme/Surprised-Koala,https://knowyourmeme.com/memes/koala-copypasta
elmo-cocaine,elmo cocaine,http://imgflip.com/meme/140667789/elmo-cocaine,https://knowyourmeme.com/memes/elmo-choosing-cocaine
Both-Buttons-Pressed,Both Buttons Pressed,http://imgflip.com/meme/286646496/Both-Buttons-Pressed,https://knowyourmeme.com/memes/daily-struggle-two-buttons
Archer,Archer,http://imgflip.com/meme/Archer,https://knowyourmeme.com/memes/do-you-want-ants
Soyboy-Vs-Yes-Chad,Soyboy Vs Yes Chad,http://imgflip.com/meme/232844223/Soyboy-Vs-Yes-Chad,https://knowyourmeme.com/memes/average-fan-vs-average-enjoyer
Spider-Man-Triple,Spider Man Triple,http://imgflip.com/meme/206151308/Spider-Man-Triple,https://knowyourmeme.com/memes/spider-man-pointing-at-spider-man
is-this-butterfly,is this butterfly,http://imgflip.com/meme/142009471/is-this-butterfly,https://knowyourmeme.com/memes/is-this-a-pigeon
Teachers-Copy,Teacher's Copy,http://imgflip.com/meme/318009221/Teachers-Copy,https://knowyourmeme.com/memes/the-teachers-copy-vs-what-they-give-you
Car-Salesman-Slaps-Roof-Of-Car,Car Salesman Slaps Roof Of Car,http://imgflip.com/meme/Car-Salesman-Slaps-Roof-Of-Car,https://knowyourmeme.com/memes/slaps-roof-of-car
Scumbag-Steve,Scumbag Steve,http://imgflip.com/meme/Scumbag-Steve,https://knowyourmeme.com/memes/scumbag-steve
Star-Wars-No,Star Wars No,http://imgflip.com/meme/Star-Wars-No,https://knowyourmeme.com/memes/we-are-no-longer-required-to-follow-your-orders
Say-it-Again-Dexter,"Say it Again, Dexter",http://imgflip.com/meme/Say-it-Again-Dexter,https://knowyourmeme.com/memes/i-love-your-accent-say-it-again
Socially-Awesome-Awkward-Penguin,Socially Awesome Awkward Penguin,http://imgflip.com/meme/Socially-Awesome-Awkward-Penguin,https://knowyourmeme.com/memes/socially-awkward-penguin
Oh-yeah-Oh-no,Oh yeah! Oh no...,http://imgflip.com/meme/184152522/Oh-yeah-Oh-no,https://knowyourmeme.com/memes/keine-schwache-zeigen
Jackie-Chan-WTF,Jackie Chan WTF,http://imgflip.com/meme/Jackie-Chan-WTF,https://knowyourmeme.com/memes/my-brain-is-full-of-fuck
No---Yes,No - Yes,http://imgflip.com/meme/129315248/No---Yes,https://knowyourmeme.com/memes/no-rage-face
Bell-Curve,Bell Curve,http://imgflip.com/meme/533936279/Bell-Curve,https://knowyourmeme.com/memes/iq-bell-curve-midwit
say-the-line-bart-simpsons,say the line bart! simpsons,http://imgflip.com/meme/72525473/say-the-line-bart-simpsons,https://knowyourmeme.com/memes/say-the-line-bart
0-days-without-Lenny-Simpsons,"0 days without (Lenny, Simpsons)",http://imgflip.com/meme/427308417/0-days-without-Lenny-Simpsons,https://knowyourmeme.com/photos/2176248-exploitables
Mr-McMahon-reaction,Mr. McMahon reaction,http://imgflip.com/meme/127634487/Mr-McMahon-reaction,https://knowyourmeme.com/memes/people/vince-mcmahon
Scooby-doo-mask-reveal,Scooby doo mask reveal,http://imgflip.com/meme/145139900/Scooby-doo-mask-reveal,https://knowyourmeme.com/memes/lets-see-who-this-really-is
Empty-Stonks,Empty Stonks,http://imgflip.com/meme/193286698/Empty-Stonks,https://knowyourmeme.com/memes/stonks
the-office-congratulations,the office congratulations,http://imgflip.com/meme/153695877/the-office-congratulations,https://knowyourmeme.com/memes/subcultures/star-wars
Megamind-no-bitches,Megamind no bitches,http://imgflip.com/meme/371619279/Megamind-no-bitches,https://knowyourmeme.com/memes/no-bitches
Will-Smith-punching-Chris-Rock,Will Smith punching Chris Rock,http://imgflip.com/meme/380030185/Will-Smith-punching-Chris-Rock,https://knowyourmeme.com/memes/will-smith-slapping-chris-rock
And-Just-Like-That,And Just Like That,http://imgflip.com/meme/And-Just-Like-That,https://knowyourmeme.com/memes/events/and-just-like-that-peloton-controversy
Happy-Star-Congratulations,Happy Star Congratulations,http://imgflip.com/meme/Happy-Star-Congratulations,https://knowyourmeme.com/memes/subcultures/avengers-infinity-war
obama-medal,obama medal,http://imgflip.com/meme/89853322/obama-medal,https://knowyourmeme.com/memes/obama-awards-obama-a-medal
Keep-Calm-And-Carry-On-Red,Keep Calm And Carry On Red,http://imgflip.com/meme/Keep-Calm-And-Carry-On-Red,https://knowyourmeme.com/memes/war-propaganda-parodies
Confused-Gandalf,Confused Gandalf,http://imgflip.com/meme/Confused-Gandalf,https://knowyourmeme.com/memes/confused-gandalf
Black-background,Black background,http://imgflip.com/meme/18630807/Black-background,https://knowyourmeme.com/memes/successful-black-man
Chill-guy,Chill guy,http://imgflip.com/meme/562391530/Chill-guy,https://knowyourmeme.com/memes/just-a-chill-guy-my-new-character
Smudge-the-cat,Smudge the cat,http://imgflip.com/meme/197052476/Smudge-the-cat,https://knowyourmeme.com/memes/smudge-the-cat
Average-Fan-vs-Average-Enjoyer,Average Fan vs Average Enjoyer,http://imgflip.com/meme/316989420/Average-Fan-vs-Average-Enjoyer,https://knowyourmeme.com/memes/average-fan-vs-average-enjoyer
Black-guy-hiding-behind-tree,Black guy hiding behind tree,http://imgflip.com/meme/195710097/Black-guy-hiding-behind-tree,https://knowyourmeme.com/memes/anthony-adams-rubbing-hands-together
talking-to-wall,talking to wall,http://imgflip.com/meme/304768047/talking-to-wall,https://knowyourmeme.com/memes/talking-to-brick-wall
Arthur-Fist,Arthur Fist,http://imgflip.com/meme/Arthur-Fist,https://knowyourmeme.com/memes/arthurs-fist
Peter-Griffin-News,Peter Griffin News,http://imgflip.com/meme/Peter-Griffin-News,https://knowyourmeme.com/memes/you-know-what-really-grinds-my-gears
The-future-world-if,The future world if,http://imgflip.com/meme/179137533/The-future-world-if,https://knowyourmeme.com/memes/the-world-if
What-Do-We-Want,What Do We Want,http://imgflip.com/meme/What-Do-We-Want,https://knowyourmeme.com/memes/do-the-needful
Kombucha-Girl,Kombucha Girl,http://imgflip.com/meme/197671929/Kombucha-Girl,https://knowyourmeme.com/memes/kombucha-girl-trying-kombucha-for-the-first-time
Inception,Inception,http://imgflip.com/meme/Inception,https://knowyourmeme.com/memes/subcultures/inception
Spongegar,Spongegar,http://imgflip.com/meme/Spongegar,https://knowyourmeme.com/memes/spongegar-primitive-sponge-caveman-spongebob
Skinner-Out-Of-Touch,Skinner Out Of Touch,http://imgflip.com/meme/93160967/Skinner-Out-Of-Touch,https://knowyourmeme.com/memes/am-i-so-out-of-touch
Liam-Neeson-Taken,Liam Neeson Taken,http://imgflip.com/meme/Liam-Neeson-Taken,https://knowyourmeme.com/memes/i-will-find-you-and-i-will-kill-you
Shrek-running,Shrek running,http://imgflip.com/meme/324040475/Shrek-running,https://knowyourmeme.com/memes/tiny-shrek
Peter-Parker-Cry,Peter Parker Cry,http://imgflip.com/meme/Peter-Parker-Cry,https://knowyourmeme.com/memes/gonna-cry
Gollum,Gollum,http://imgflip.com/meme/Gollum,https://knowyourmeme.com/memes/gollum
Moe-throws-Barney,Moe throws Barney,http://imgflip.com/meme/188789496/Moe-throws-Barney,https://knowyourmeme.com/memes/moe-tossing-barney-out
Well-Yes-But-Actually-No,"Well Yes, But Actually No",http://imgflip.com/meme/Well-Yes-But-Actually-No,https://knowyourmeme.com/memes/well-yes-but-actually-no
Grim-Reaper-Knocking-Door,Grim Reaper Knocking Door,http://imgflip.com/meme/104893621/Grim-Reaper-Knocking-Door,https://knowyourmeme.com/memes/death-knocking-on-doors
Satisfied-Seal,Satisfied Seal,http://imgflip.com/meme/Satisfied-Seal,https://knowyourmeme.com/memes/seal-of-approval
whe-im-in-a-competition-and-my-opponent-is,whe i'm in a competition and my opponent is,http://imgflip.com/meme/360597639/whe-im-in-a-competition-and-my-opponent-is,https://knowyourmeme.com/memes/when-im-in-a-competition-and-my-opponent-is
Success-Kid-Original,Success Kid Original,http://imgflip.com/meme/Success-Kid-Original,https://knowyourmeme.com/memes/success-kid-i-hate-sandcastles
Spider-Man-Double,Spider Man Double,http://imgflip.com/meme/103123450/Spider-Man-Double,https://knowyourmeme.com/memes/spider-man-pointing-at-spider-man
Kevin-Hart,Kevin Hart,http://imgflip.com/meme/Kevin-Hart,https://knowyourmeme.com/memes/kevin-hart-reaction-images
Oprah-You-Get-A-Car-Everybody-Gets-A-Car,Oprah You Get A Car Everybody Gets A Car,http://imgflip.com/meme/Oprah-You-Get-A-Car-Everybody-Gets-A-Car,https://knowyourmeme.com/memes/oprahs-you-get-a-car
undertaker,undertaker,http://imgflip.com/meme/257745141/undertaker,https://knowyourmeme.com/memes/undertaker-standing-behind-aj-styles
Homer-disappears-into-bush,Homer disappears into bush,http://imgflip.com/meme/171219241/Homer-disappears-into-bush,https://knowyourmeme.com/memes/homer-simpson-backs-into-bushes
Presidential-Alert,Presidential Alert,http://imgflip.com/meme/Presidential-Alert,https://knowyourmeme.com/memes/donald-trumps-presidential-alert
Did-you-mean,Did you mean?,http://imgflip.com/meme/265415745/Did-you-mean,https://knowyourmeme.com/memes/did-you-mean
Leonardo-Dicaprio-Wolf-Of-Wall-Street,Leonardo Dicaprio Wolf Of Wall Street,http://imgflip.com/meme/Leonardo-Dicaprio-Wolf-Of-Wall-Street,https://knowyourmeme.com/memes/those-are-rookie-numbers
Spiderman-Computer-Desk,Spiderman Computer Desk,http://imgflip.com/meme/Spiderman-Computer-Desk,https://knowyourmeme.com/memes/masturbating-spider-man
Hold-fart,Hold fart,http://imgflip.com/meme/41022477/Hold-fart,https://knowyourmeme.com/memes/trying-to-hold-a-fart-next-to-a-cute-girl-in-class
Overly-Attached-Girlfriend,Overly Attached Girlfriend,http://imgflip.com/meme/Overly-Attached-Girlfriend,https://knowyourmeme.com/memes/overly-attached-girlfriend
Giga-Chad,Giga Chad,http://imgflip.com/meme/190327839/Giga-Chad,https://knowyourmeme.com/memes/gigachad
You-know-Im-something-of-a-scientist-myself,"You know, I'm something of a scientist myself",http://imgflip.com/meme/133946291/You-know-Im-something-of-a-scientist-myself,https://knowyourmeme.com/memes/im-something-of-a-scientist-myself
Who-wants-to-be-a-millionaire,Who wants to be a millionaire?,http://imgflip.com/meme/165567092/Who-wants-to-be-a-millionaire,https://knowyourmeme.com/memes/subcultures/who-wants-to-be-a-millionaire
dave-chappelle,dave chappelle,http://imgflip.com/meme/33897585/dave-chappelle,https://knowyourmeme.com/memes/subcultures/dave-chappelles-846
Smiling-Cat,Smiling Cat,http://imgflip.com/meme/Smiling-Cat,https://knowyourmeme.com/memes/understanding-cat
Its-Not-Going-To-Happen,Its Not Going To Happen,http://imgflip.com/meme/Its-Not-Going-To-Happen,https://knowyourmeme.com/memes/events/sarkozy-was-there
Chef-Skinner-Reading-a-Letter,Chef Skinner Reading a Letter,http://imgflip.com/meme/306216142/Chef-Skinner-Reading-a-Letter,https://knowyourmeme.com/memes/chef-skinner-reading-a-letter
Lisa-Simpsons-Presentation,Lisa Simpson's Presentation,http://imgflip.com/meme/139917843/Lisa-Simpsons-Presentation,https://knowyourmeme.com/memes/lisa-simpsons-presentation
i-receive-you-receive,i receive you receive,http://imgflip.com/meme/311582564/i-receive-you-receive,https://knowyourmeme.com/memes/if-whatsapp-was-in-x-i-need-cock
Spiderman-Peter-Parker,Spiderman Peter Parker,http://imgflip.com/meme/Spiderman-Peter-Parker,https://knowyourmeme.com/memes/nuh-uh-spiderman-meme-miles-morales-drops-peter-parker
Gru-Gun,Gru Gun,http://imgflip.com/meme/201034954/Gru-Gun,https://knowyourmeme.com/memes/gru-holding-gun-things-are-about-to-get-gruesome
Mr-incredible-mad,Mr incredible mad,http://imgflip.com/meme/197846899/Mr-incredible-mad,https://knowyourmeme.com/memes/subcultures/fortnite
Obi-Wan-Kenobi,Obi Wan Kenobi,http://imgflip.com/meme/Obi-Wan-Kenobi,https://knowyourmeme.com/memes/obi-wan-kenobi-binoculars
Sure-grandma-lets-get-you-to-bed,Sure grandma let's get you to bed,http://imgflip.com/meme/268054898/Sure-grandma-lets-get-you-to-bed,https://knowyourmeme.com/memes/sure-grandma-lets-get-you-to-bed
Crab-Rave,Crab Rave,http://imgflip.com/meme/182088735/Crab-Rave,https://knowyourmeme.com/memes/crab-rave
Never-ask-a-woman-her-age,Never ask a woman her age,http://imgflip.com/meme/278525960/Never-ask-a-woman-her-age,https://knowyourmeme.com/memes/all-three-are-going-to-lie-to-you-never-ask-a-woman-her-age
Thats-a-paddlin,That's a paddlin',http://imgflip.com/meme/Thats-a-paddlin,https://knowyourmeme.com/memes/thats-a-paddlin
Two-guys-on-a-bus,Two guys on a bus,http://imgflip.com/meme/354700819/Two-guys-on-a-bus,https://knowyourmeme.com/memes/two-guys-on-a-bus
spongebob-rainbow,spongebob rainbow,http://imgflip.com/meme/32399536/spongebob-rainbow,https://knowyourmeme.com/memes/imagination-spongebob
For-the-better-right-blank,For the better right blank,http://imgflip.com/meme/321592868/For-the-better-right-blank,https://knowyourmeme.com/memes/lime-lips
Kill-Yourself-Guy,Kill Yourself Guy,http://imgflip.com/meme/Kill-Yourself-Guy,https://knowyourmeme.com/memes/kill-yourself
where-banana,where banana,http://imgflip.com/meme/259732121/where-banana,https://knowyourmeme.com/memes/where-banana
Jason-Momoa-Henry-Cavill-Meme,Jason Momoa Henry Cavill,http://imgflip.com/meme/137135579/Jason-Momoa-Henry-Cavill-Meme,https://knowyourmeme.com/memes/jason-momoa-sneaks-up-on-henry-cavill
Two-Paths,Two Paths,http://imgflip.com/meme/309668311/Two-Paths,https://knowyourmeme.com/memes/dramatic-crossroads
floating-boy-chasing-running-boy,floating boy chasing running boy,http://imgflip.com/meme/160187182/floating-boy-chasing-running-boy,https://knowyourmeme.com/memes/floating-boy-chasing-running-boy
Mr-Krabs-Blur-Meme,Mr Krabs Blur,http://imgflip.com/meme/Mr-Krabs-Blur-Meme,https://knowyourmeme.com/memes/confused-mr-krabs
Bender,Bender,http://imgflip.com/meme/Bender,https://knowyourmeme.com/memes/neat
TOYSTORY-EVERYWHERE,TOYSTORY EVERYWHERE,http://imgflip.com/meme/13026863/TOYSTORY-EVERYWHERE,https://knowyourmeme.com/memes/subcultures/toy-story
Heres-Johnny,Here's Johnny,http://imgflip.com/meme/Heres-Johnny,https://knowyourmeme.com/memes/heres-johnny
Wolverine-Remember,Wolverine Remember,http://imgflip.com/meme/47169131/Wolverine-Remember,https://knowyourmeme.com/memes/wolverine-crush
Yes-Honey,Yes Honey,http://imgflip.com/meme/245901889/Yes-Honey,https://knowyourmeme.com/memes/dick-flattening-yes-honey
Angry-Baby,Angry Baby,http://imgflip.com/meme/Angry-Baby,https://knowyourmeme.com/memes/crazy-mean-baby
Im-the-dumbest-man-alive,I'm the dumbest man alive,http://imgflip.com/meme/187737689/Im-the-dumbest-man-alive,https://knowyourmeme.com/memes/dumbest-man-alive
Sudden-Clarity-Clarence,Sudden Clarity Clarence,http://imgflip.com/meme/Sudden-Clarity-Clarence,https://knowyourmeme.com/memes/sudden-clarity-clarence
i-dont-always,i don't always,http://imgflip.com/meme/10760000/i-dont-always,https://knowyourmeme.com/memes/so-anyway-i-started-blasting
Rick-and-Carl,Rick and Carl,http://imgflip.com/meme/Rick-and-Carl,https://knowyourmeme.com/memes/carl
Why-Cant-You-Just-Be-Normal,Why Can't You Just Be Normal,http://imgflip.com/meme/303873877/Why-Cant-You-Just-Be-Normal,https://knowyourmeme.com/memes/why-cant-you-just-be-normal
Milk-carton,Milk carton,http://imgflip.com/meme/79023506/Milk-carton,https://knowyourmeme.com/memes/chocolate-milk-threads
fast-guy-explaining,fast guy explaining,http://imgflip.com/meme/292752607/fast-guy-explaining,https://knowyourmeme.com/memes/what-you-think-you-look-like-vs-what-you-actually-look-like
Pentagon-Hexagon-Octagon,Pentagon Hexagon Octagon,http://imgflip.com/meme/Pentagon-Hexagon-Octagon,https://knowyourmeme.com/memes/pentagon-hexagon-octagon
let-me-in,let me in,http://imgflip.com/meme/170261505/let-me-in,https://knowyourmeme.com/memes/let-me-in
I-am-once-again-asking,I am once again asking,http://imgflip.com/meme/223004373/I-am-once-again-asking,https://knowyourmeme.com/memes/i-am-once-again-asking-for-your-financial-support
Chef-Gordon-Ramsay,Chef Gordon Ramsay,http://imgflip.com/meme/Chef-Gordon-Ramsay,https://knowyourmeme.com/memes/people/gordon-ramsay
Gentlemen-it-is-with-great-pleasure-to-inform-you-that,"Gentlemen, it is with great pleasure to inform you that",http://imgflip.com/meme/313581692/Gentlemen-it-is-with-great-pleasure-to-inform-you-that,https://knowyourmeme.com/memes/colonel-toad
drowning-kid-in-the-pool,drowning kid in the pool,http://imgflip.com/meme/138766447/drowning-kid-in-the-pool,https://knowyourmeme.com/memes/mother-ignoring-kid-drowning-in-a-pool
the-office-handshake,the office handshake,http://imgflip.com/meme/206622427/the-office-handshake,https://knowyourmeme.com/memes/people/elon-musk
Billy-What-Have-You-Done,"Billy, What Have You Done",http://imgflip.com/meme/175637033/Billy-What-Have-You-Done,https://knowyourmeme.com/memes/people/shuzo-matsuoka
Guess-Ill-die,Guess I'll die ,http://imgflip.com/meme/96633334/Guess-Ill-die,https://knowyourmeme.com/memes/guess-ill-die
Community-Fire-Pizza-Meme,Community Fire Pizza,http://imgflip.com/meme/235571786/Community-Fire-Pizza-Meme,https://knowyourmeme.com/memes/the-darkest-timeline
Woody-and-Buzz-Lightyear-Everywhere-Widescreen,Woody and Buzz Lightyear Everywhere Widescreen,http://imgflip.com/meme/80964944/Woody-and-Buzz-Lightyear-Everywhere-Widescreen,https://knowyourmeme.com/memes/x-x-everywhere
achievement-unlocked,achievement unlocked,http://imgflip.com/meme/3227693/achievement-unlocked,https://knowyourmeme.com/memes/a-winner-is-you
Squid-Game,Squid Game,http://imgflip.com/meme/558880671/Squid-Game,https://knowyourmeme.com/memes/seong-gi-huns-id-photo
Oprah-You-Get-A-Car,Oprah 'You Get A Car',http://imgflip.com/meme/171218846/Oprah-You-Get-A-Car,https://knowyourmeme.com/memes/oprahs-you-get-a-car
Squid-Game,Squid Game,http://imgflip.com/meme/558880671/Squid-Game,https://knowyourmeme.com/memes/seong-gi-huns-id-photo
Guy-recording-a-fight,Guy recording a fight,http://imgflip.com/meme/176409418/Guy-recording-a-fight,https://knowyourmeme.com/memes/public-freakout-videos
I-See-Dead-People,I See Dead People,http://imgflip.com/meme/I-See-Dead-People,https://knowyourmeme.com/memes/i-see-dead-people
Donald-Trump,Donald Trump,http://imgflip.com/meme/40314559/Donald-Trump,https://knowyourmeme.com/memes/donald-trump-im-gonna-come-kamala-harris-do-not-come
George-Bush-911,George Bush 9/11,http://imgflip.com/meme/208915813/George-Bush-911,https://knowyourmeme.com/memes/george-bush-learning-about-911
stonks,stonks,http://imgflip.com/meme/186821996/stonks,https://knowyourmeme.com/memes/stonks
Unpopular-Opinion-Puffin,Unpopular Opinion Puffin,http://imgflip.com/meme/Unpopular-Opinion-Puffin,https://knowyourmeme.com/memes/unpopular-opinion-puffin
High-five-drown,High five drown,http://imgflip.com/meme/168453057/High-five-drown,https://knowyourmeme.com/memes/drowning-high-five
One-girl-five-guys,One girl five guys,http://imgflip.com/meme/226795017/One-girl-five-guys,https://knowyourmeme.com/memes/cover-them-up-slut
Ermahgerd-Berks,Ermahgerd Berks,http://imgflip.com/meme/Ermahgerd-Berks,https://knowyourmeme.com/memes/ermahgerd
Mr-bean-cheating,Mr bean cheating,https://imgflip.com/tag/mr+bean+cheats+on+exam,https://knowyourmeme.com/memes/mr-bean-cheating
Bird-Box,Bird Box,http://imgflip.com/meme/Bird-Box,https://knowyourmeme.com/memes/subcultures/bird-box
Second-Breakfast,Second Breakfast,http://imgflip.com/meme/12235935/Second-Breakfast,https://knowyourmeme.com/memes/second-breakfast
thanos-what-did-it-cost,thanos what did it cost,http://imgflip.com/meme/146291180/thanos-what-did-it-cost,https://knowyourmeme.com/memes/what-did-it-cost-everything
Butterfly-man,Butterfly man,http://imgflip.com/meme/137635600/Butterfly-man,https://knowyourmeme.com/memes/jar-jar-binks
Dwight-Schrute,Dwight Schrute,http://imgflip.com/meme/Dwight-Schrute,https://knowyourmeme.com/memes/pumpkin-head-dwight-schrute
This-Is-Brilliant-But-I-Like-This,This Is Brilliant But I Like This,http://imgflip.com/meme/136553931/This-Is-Brilliant-But-I-Like-This,https://knowyourmeme.com/memes/this-is-brilliant-but-i-like-this
I-dont-want-to-play-with-you-anymore,I don't want to play with you anymore,http://imgflip.com/meme/196435636/I-dont-want-to-play-with-you-anymore,https://knowyourmeme.com/memes/i-dont-want-to-play-with-you-anymore
Jim-Halpert-Explains,Jim Halpert Explains,http://imgflip.com/meme/228097860/Jim-Halpert-Explains,https://knowyourmeme.com/memes/jim-halpert-pointing-to-whiteboard
Steve-Buscemi-Fellow-Kids,Steve Buscemi Fellow Kids,http://imgflip.com/meme/58910635/Steve-Buscemi-Fellow-Kids,https://knowyourmeme.com/memes/how-do-you-do-fellow-kids
Good-Guy-Greg,Good Guy Greg,http://imgflip.com/meme/Good-Guy-Greg,https://knowyourmeme.com/memes/good-guy-greg
Phoebe-Joey,Phoebe Joey,http://imgflip.com/meme/231451789/Phoebe-Joey,https://knowyourmeme.com/memes/phoebe-teaching-joey
Thinking-Black-Guy,Thinking Black Guy,http://imgflip.com/meme/93608036/Thinking-Black-Guy,https://knowyourmeme.com/memes/roll-safe
first-time,first time,http://imgflip.com/meme/163080720/first-time,https://knowyourmeme.com/memes/james-franco-first-time
Dancing-monkeys,Dancing monkeys,http://imgflip.com/meme/257865310/Dancing-monkeys,https://knowyourmeme.com/memes/cgi-monkeys-dancing
I-Was-Told-There-Would-Be,I Was Told There Would Be,http://imgflip.com/meme/I-Was-Told-There-Would-Be,https://knowyourmeme.com/memes/crazy-i-was-crazy-once-they-locked-me-in-a-room-a-rubber-room-a-rubber-room-with-rats-and-rats-make-me-crazy
What-if-i-told-you,What if i told you,http://imgflip.com/meme/4081988/What-if-i-told-you,https://knowyourmeme.com/memes/what-if-i-told-you-there-already-is-a-vaccine
money-smell,money smell,http://imgflip.com/meme/302239323/money-smell,https://knowyourmeme.com/memes/cumbox
Pedro-Pascal-Nick-Cage,Pedro Pascal Nick Cage,http://imgflip.com/meme/445068443/Pedro-Pascal-Nick-Cage,https://knowyourmeme.com/memes/nicolas-cage-looking-at-pedro-pascal-make-your-own-kind-of-music
Big-book-small-book,Big book small book,http://imgflip.com/meme/237236273/Big-book-small-book,https://knowyourmeme.com/memes/thick-book-vs-thin-book
sweating-bullets,sweating bullets,http://imgflip.com/meme/28416438/sweating-bullets,https://knowyourmeme.com/memes/sweating-jordan-peele
Traumatized-Mr-Incredible,Traumatized Mr. Incredible,http://imgflip.com/meme/340157305/Traumatized-Mr-Incredible,https://knowyourmeme.com/memes/mr-incredible-becoming-ascended-canny
This-is-Worthless,This is Worthless,http://imgflip.com/meme/153452716/This-is-Worthless,https://knowyourmeme.com/memes/whoa-this-is-worthless
Dont-make-me-tap-the-sign,Don't make me tap the sign,http://imgflip.com/meme/145699196/Dont-make-me-tap-the-sign,https://knowyourmeme.com/memes/dont-make-me-tap-the-sign
So-I-Got-That-Goin-For-Me-Which-Is-Nice,So I Got That Goin For Me Which Is Nice,http://imgflip.com/meme/So-I-Got-That-Goin-For-Me-Which-Is-Nice,https://knowyourmeme.com/memes/so-i-got-that-goin-for-me-which-is-nice
You-Should-Feel-Bad-Zoidberg,You Should Feel Bad Zoidberg,http://imgflip.com/meme/You-Should-Feel-Bad-Zoidberg,https://knowyourmeme.com/memes/your-musics-bad-and-you-should-feel-bad
batman-signal,batman signal,http://imgflip.com/meme/22138211/batman-signal,https://knowyourmeme.com/memes/subcultures/bootleg-knock-off
Why-Cant-I-Hold-All-These-Limes,Why Can't I Hold All These Limes,http://imgflip.com/meme/Why-Cant-I-Hold-All-These-Limes,https://knowyourmeme.com/memes/limes-guy-why-cant-i-hold-all-these-limes
These-Arent-The-Droids-You-Were-Looking-For,These Aren't The Droids You Were Looking For,http://imgflip.com/meme/These-Arent-The-Droids-You-Were-Looking-For,https://knowyourmeme.com/memes/obi-wan-kenobi
I-believe-in-supremacy,I believe in supremacy,http://imgflip.com/meme/275700505/I-believe-in-supremacy,https://knowyourmeme.com/memes/i-believe-in-supremacy
math-is-math,math is math,http://imgflip.com/meme/167754325/math-is-math,https://knowyourmeme.com/memes/math-is-math
Unhelpful-High-School-Teacher,Unhelpful High School Teacher,http://imgflip.com/meme/Unhelpful-High-School-Teacher,https://knowyourmeme.com/memes/unhelpful-high-school-teacher
Captain-Phillips-Im-The-Captain-Now,Captain Phillips - I'm The Captain Now,http://imgflip.com/meme/Captain-Phillips-Im-The-Captain-Now,https://knowyourmeme.com/memes/look-at-me-im-the-captain-now
Me-explaining-to-my-mom,Me explaining to my mom,http://imgflip.com/meme/185536441/Me-explaining-to-my-mom,https://knowyourmeme.com/memes/me-explaining-to-my-mom
Weak-vs-Strong-Spongebob,Weak vs Strong Spongebob,http://imgflip.com/meme/174791714/Weak-vs-Strong-Spongebob,https://knowyourmeme.com/memes/increasingly-buff-spongebob
patrick-to-do-list-actually-blank,patrick to do list actually blank,http://imgflip.com/meme/247756783/patrick-to-do-list-actually-blank,https://knowyourmeme.com/memes/events/protect-ip-act-stop-online-piracy-act-pipa-sopa
I-do-ONE-Push-Up,I do ONE Push-Up,http://imgflip.com/meme/254366901/I-do-ONE-Push-Up,https://knowyourmeme.com/memes/i-do-one-push-up
Winter-Is-Coming,Winter Is Coming,http://imgflip.com/meme/18552174/Winter-Is-Coming,https://knowyourmeme.com/memes/brace-yourselves-winter-is-coming
Hide-the-Pain-Harold,Hide the Pain Harold,http://imgflip.com/meme/81332206/Hide-the-Pain-Harold,https://knowyourmeme.com/memes/hide-the-pain-harold
Vince-McMahon-Reaction-wGlowing-Eyes,Vince McMahon Reaction w/Glowing Eyes,http://imgflip.com/meme/126882756/Vince-McMahon-Reaction-wGlowing-Eyes,https://knowyourmeme.com/memes/vince-mcmahon-reaction
Homer-Simpsons-Back-Fat,Homer Simpson's Back Fat,http://imgflip.com/meme/157043617/Homer-Simpsons-Back-Fat,https://knowyourmeme.com/memes/homer-simpsons-back-fat
Wake-Up-Babe,Wake Up Babe,http://imgflip.com/meme/260755514/Wake-Up-Babe,https://knowyourmeme.com/memes/wake-up-babe
death-knocking-at-the-door,death knocking at the door,http://imgflip.com/meme/174847904/death-knocking-at-the-door,https://knowyourmeme.com/memes/death-knocking-on-doors
Goose-Chase,Goose Chase,http://imgflip.com/meme/398221598/Goose-Chase,https://knowyourmeme.com/memes/ruler-of-everything-do-you-like-how-i-walk
black-guy-stopping,black guy stopping,http://imgflip.com/meme/169798464/black-guy-stopping,https://knowyourmeme.com/memes/pokemon-lost-silver
Horse-Drawing,Horse Drawing,http://imgflip.com/meme/168840525/Horse-Drawing,https://knowyourmeme.com/memes/unfinished-horse-drawing-flaming-horse-rating
damn-got-hands,damn got hands,http://imgflip.com/meme/293131641/damn-got-hands,https://knowyourmeme.com/memes/ok-ima-fight-these-thoughts
patrick-not-my-wallet,patrick not my wallet,http://imgflip.com/meme/109894751/patrick-not-my-wallet,https://knowyourmeme.com/memes/spongebobs-wallet
Drake-Hotline-approves,Drake Hotline approves,http://imgflip.com/meme/71491297/Drake-Hotline-approves,https://knowyourmeme.com/memes/drakeposting
FINALLY,FINALLY,http://imgflip.com/meme/222476282/FINALLY,https://knowyourmeme.com/memes/finally-upgrade
Bateman-walking,Bateman walking,http://imgflip.com/meme/373996592/Bateman-walking,https://knowyourmeme.com/memes/patrick-bateman-walking
Chuck-Norris,Chuck Norris,http://imgflip.com/meme/Chuck-Norris,https://knowyourmeme.com/memes/chuck-norris-facts
Free,Free,http://imgflip.com/meme/27596988/Free,https://knowyourmeme.com/memes/subcultures/free
Ill-Have-You-Know-Spongebob,I'll Have You Know Spongebob,http://imgflip.com/meme/Ill-Have-You-Know-Spongebob,https://knowyourmeme.com/memes/tough-spongebob-i-only-cried-for-20-minutes
Ol-Reliable,Ol' Reliable,http://imgflip.com/meme/139937960/Ol-Reliable,https://knowyourmeme.com/memes/ol-reliable
Prove-me-wrong,Prove me wrong,http://imgflip.com/meme/140087640/Prove-me-wrong,https://knowyourmeme.com/memes/communist-bugs-bunny
You-The-Real-MVP,You The Real MVP,http://imgflip.com/meme/You-The-Real-MVP,https://knowyourmeme.com/memes/events/kevin-durant-mvp-speech
Here-it-comes,Here it comes,http://imgflip.com/meme/170049790/Here-it-comes,https://knowyourmeme.com/memes/tornado-selfie
Table-Flip-Guy,Table Flip Guy,http://imgflip.com/meme/Table-Flip-Guy,https://knowyourmeme.com/memes/people/braun-strowman
Dr-Evil-air-quotes,Dr Evil air quotes,http://imgflip.com/meme/65807782/Dr-Evil-air-quotes,https://knowyourmeme.com/memes/dr-evil-air-quotes
Hey-Internet,Hey Internet,http://imgflip.com/meme/Hey-Internet,https://knowyourmeme.com/memes/heyy
Black-White-Arms,Black White Arms,http://imgflip.com/meme/149409046/Black-White-Arms,https://knowyourmeme.com/memes/vault-boy-hold-up
Skeletor-disturbing-facts,Skeletor disturbing facts,http://imgflip.com/meme/336049737/Skeletor-disturbing-facts,https://knowyourmeme.com/memes/skeletor-facts
Slowpoke,Slowpoke,http://imgflip.com/meme/Slowpoke,https://knowyourmeme.com/memes/slowpoke
I-Guarantee-It,I Guarantee It,http://imgflip.com/meme/I-Guarantee-It,https://knowyourmeme.com/memes/george-zimmer-i-guarantee-it
I-Too-Like-To-Live-Dangerously,I Too Like To Live Dangerously,http://imgflip.com/meme/I-Too-Like-To-Live-Dangerously,https://knowyourmeme.com/memes/i-too-like-to-live-dangerously
Pink-Guy-vs-Bane,Pink Guy vs Bane,http://imgflip.com/meme/212319280/Pink-Guy-vs-Bane,https://knowyourmeme.com/memes/bane-vs-pink-guy--2
Willy-Wonka-Blank,Willy Wonka Blank,http://imgflip.com/meme/18672402/Willy-Wonka-Blank,https://knowyourmeme.com/memes/condescending-wonka-creepy-wonka
Heavy-Breathing-Cat,Heavy Breathing Cat,http://imgflip.com/meme/Heavy-Breathing-Cat,https://knowyourmeme.com/memes/descriptive-noise
blank-red-MAGA-hat,blank red MAGA hat,http://imgflip.com/meme/95813521/blank-red-MAGA-hat,https://knowyourmeme.com/memes/make-america-great-again-maga
Plague-Doctor-Gangstas-Paradise,Plague Doctor Gangsta's Paradise,http://imgflip.com/meme/286543019/Plague-Doctor-Gangstas-Paradise,https://knowyourmeme.com/memes/the-plague-doctor
You-cant-defeat-me,You can't defeat me,http://imgflip.com/meme/146594491/You-cant-defeat-me,https://knowyourmeme.com/memes/you-cant-defeat-me
Crying-cat,Crying cat,http://imgflip.com/meme/42003405/Crying-cat,https://knowyourmeme.com/memes/thumbs-up-crying-cat
i-sleep-real-shit,i sleep real shit,http://imgflip.com/meme/118929239/i-sleep-real-shit,https://knowyourmeme.com/memes/sleeping-shaq
Live-reaction,Live reaction,http://imgflip.com/meme/413510303/Live-reaction,https://knowyourmeme.com/memes/live-tucker-reaction
Anthony-Adams-Rubbing-Hands,Anthony Adams Rubbing Hands,http://imgflip.com/meme/196595107/Anthony-Adams-Rubbing-Hands,https://knowyourmeme.com/memes/anthony-adams-rubbing-hands-together
Laughing-wolf,Laughing wolf,http://imgflip.com/meme/254336433/Laughing-wolf,https://knowyourmeme.com/memes/laughing-wolves
Average-BLANK-Fan-VS-Average-BLANK-Enjoyer,Average *BLANK* Fan VS Average *BLANK* Enjoyer,http://imgflip.com/meme/273245450/Average-BLANK-Fan-VS-Average-BLANK-Enjoyer,https://knowyourmeme.com/memes/average-fan-vs-average-enjoyer
High-Expectations-Asian-Father,High Expectations Asian Father,http://imgflip.com/meme/High-Expectations-Asian-Father,https://knowyourmeme.com/memes/high-expectations-asian-father
Normal-and-dark-mrincredibles,Normal and dark mr.incredibles,http://imgflip.com/meme/336492590/Normal-and-dark-mrincredibles,https://knowyourmeme.com/memes/mr-incredible-becoming-uncanny
They-hated-jesus-because-he-told-them-the-truth,They hated jesus because he told them the truth,http://imgflip.com/meme/115851124/They-hated-jesus-because-he-told-them-the-truth,https://knowyourmeme.com/memes/most-people-rejected-his-message
5-black-guys-and-blonde,5 black guys and blonde,http://imgflip.com/meme/119377724/5-black-guys-and-blonde,https://knowyourmeme.com/memes/the-zola-story
If-those-kids-could-read-theyd-be-very-upset,If those kids could read they'd be very upset,http://imgflip.com/meme/243100573/If-those-kids-could-read-theyd-be-very-upset,https://knowyourmeme.com/memes/if-those-kids-could-read-theyd-be-very-upset
Look-At-All-These,Look At All These,http://imgflip.com/meme/Look-At-All-These,https://knowyourmeme.com/memes/one-is-not-amused
Dinkleberg,Dinkleberg,http://imgflip.com/meme/39633/Dinkleberg,https://knowyourmeme.com/memes/dinkleberg
For-Christmas-I-Want-a-Dragon,For Christmas I Want a Dragon,http://imgflip.com/meme/156236331/For-Christmas-I-Want-a-Dragon,https://knowyourmeme.com/memes/for-christmas-i-want-a-dragon
walter-white-cooking,walter white cooking,http://imgflip.com/meme/360053085/walter-white-cooking,https://knowyourmeme.com/memes/walter-white-cooking
black-guy-pointing-at-head,black guy pointing at head,http://imgflip.com/meme/92741429/black-guy-pointing-at-head,https://knowyourmeme.com/memes/chopped-chin
Simpsons-so-far,Simpsons so far,http://imgflip.com/meme/131745903/Simpsons-so-far,https://knowyourmeme.com/memes/the-worst-day-of-your-life-so-far
Calculating-meme,Calculating meme,http://imgflip.com/meme/92828109/Calculating-meme,https://knowyourmeme.com/memes/thufir-hawat-calculating
pennywise-in-sewer,pennywise in sewer,http://imgflip.com/meme/99384040/pennywise-in-sewer,https://knowyourmeme.com/memes/pennywise-in-the-sewer
How-Tough-Are-You,How Tough Are You,http://imgflip.com/meme/How-Tough-Are-You,https://knowyourmeme.com/memes/internet-tough-guy
For-Dummies,For Dummies,http://imgflip.com/meme/59165342/For-Dummies,https://knowyourmeme.com/memes/x-for-dummies
Lion-King,Lion King,http://imgflip.com/meme/Lion-King,https://knowyourmeme.com/memes/lion-king-sex-cloud
Warning-Sign,Warning Sign,http://imgflip.com/meme/Warning-Sign,https://knowyourmeme.com/memes/gentleminions
John-Cena-confuses,John Cena confuses,http://imgflip.com/meme/232462064/John-Cena-confuses,https://knowyourmeme.com/memes/confused-john-cena
DJ-Pauly-D,DJ Pauly D,http://imgflip.com/meme/DJ-Pauly-D,https://knowyourmeme.com/memes/bro-youre-fucking-latinx
NPC-Meme,NPC,http://imgflip.com/meme/154558741/NPC-Meme,https://knowyourmeme.com/memes/npc-streaming
Kong-Godzilla-Doge,Kong Godzilla Doge,http://imgflip.com/meme/299167033/Kong-Godzilla-Doge,https://knowyourmeme.com/memes/godzilla-vs-kong-vs-cheems
and-I-took-that-personally,and I took that personally,http://imgflip.com/meme/270884147/and-I-took-that-personally,https://knowyourmeme.com/memes/michael-jordans-and-i-took-that-personally
Meme-Stealing-License,Meme Stealing License,http://imgflip.com/meme/118454226/Meme-Stealing-License,https://knowyourmeme.com/memes/cultures/professional-wrestling
Get-In-Loser,Get In Loser,http://imgflip.com/meme/28926942/Get-In-Loser,https://knowyourmeme.com/memes/get-in-loser-were-going-shopping
Doof-If-I-had-a-Nickel,Doof If I had a Nickel,http://imgflip.com/meme/235033561/Doof-If-I-had-a-Nickel,https://knowyourmeme.com/memes/dr-doofenshmirtz-if-i-had-a-nickel
Bilbo---Why-shouldnt-I-keep-it,Bilbo - Why shouldnt I keep it?,http://imgflip.com/meme/256635436/Bilbo---Why-shouldnt-I-keep-it,https://knowyourmeme.com/memes/after-all-why-not-why-shouldnt-i-keep-it
